LDGS_NM,AFRM_KWRD_CN,AFRM_WGHTVAL_SCORE,NEGA_KWRD_CN,NEGA_WGHTVAL_SCORE
아르반 호텔,"['침대', '위치', '깔끔', '객실', '가격']","[1.318005546532717, 1.052653369349949, 0.9051397819247253, 0.6805396870939241, 0.6752188800031146]","['직원', '친절', '깨끗', '소음', '숙박']","[-1.2732622777492524, -0.9608500297827332, -0.9196319714233057, -0.9157652387358696, -0.8964935873053045]"
솔라리아 니시테츠 부산,"['깨끗', '시설', '깔끔', '침실', '밥집']","[0.5763460060984179, 0.47863696046847676, 0.4328477863812269, 0.39391909538688397, 0.35444094802725357]","['위치', '주차', '직원', '프론트', '사용']","[-0.8807284217728242, -0.6388668904589322, -0.5925628466981926, -0.4397688394686213, -0.43724766311878477]"
라마다 앙코르 바이 윈덤 부산역,"['위치', '가격', '수영장', '시설', '침대']","[1.3945634203717865, 0.8867161521670763, 0.7237529034113079, 0.546942186296834, 0.36182792951105214]","['냄새', '객실', '부산역', '가능', '서비스']","[-0.8321460276516263, -0.6419681265000702, -0.5739310997742049, -0.5126951015429995, -0.45090841259409803]"
센텀 프리미어 호텔,"['위치', '시설', '가격', '해운대', '깨끗']","[1.045811361245485, 0.8121307135541895, 0.6259436032456478, 0.591434611091562, 0.47990729263050164]","['깔끔', '객실', '침대', '침구', '접근성']","[-0.6859498075631761, -0.6770113551577749, -0.5361483034969572, -0.5169515800644979, -0.500715298382454]"
베니키아 프리미어 호텔 해운대,"['청결', '가격', '맛집', '해운대', '위치']","[1.373948252089688, 0.9881915530649744, 0.9550241316570972, 0.902043776932715, 0.8313618440027915]","['시설', '접근성', '무료', '침구', '깨끗']","[-1.2977396775025685, -1.207125018256733, -1.1655374993386234, -1.165461182513217, -1.1253044597570803]"
이비스 버젯 앰배서더 부산 해운대,"['깨끗', '친절', '인터파크', '화장실', '매주']","[2.4829237741892793, 2.0928760495834537, 1.262117567413053, 0.9762130545236095, 0.824298297075628]","['가격', '바다', '위치', '상품', '조식']","[-3.1416645725954084, -2.808305043883209, -1.9058568870230577, -1.7485464426727269, -1.4478049957301415]"
라발스 호텔 부산,"['여행', '사진', '친절', '침대', '여울']","[1.3253992060302973, 0.9241467252770458, 0.7891306452084401, 0.4864662339534715, 0.47260689911268705]","['시설', '조식', '화장실', '객실', '주차']","[-1.4910216992783196, -0.9574744121240041, -0.8248760871620887, -0.7914942710893441, -0.7890868897653538]"
펠릭스 바이 STX 호텔 & 스위트,"['조식', '대피', '치약', '사람', '침구']","[0.7562931960286932, 0.3262568493566455, 0.31092198861682724, 0.29189349106764334, 0.2908049096661784]","['위치', '해운대', '침대', '주차', '거리']","[-1.2269818141156374, -0.7998394676165635, -0.7988107835376027, -0.5745794088604418, -0.560078603676742]"
신라스테이 해운대,"['깔끔', '서비스', '시설', '침구', '방음']","[2.382088331055371, 1.8349107666447615, 1.5766178589403004, 1.2760498228056538, 1.212980199028202]","['위치', '해운대', '객실', '바다', '주차장']","[-4.60804329861907, -2.424400578571417, -1.8834525804051556, -1.4401248026352291, -1.434029193487068]"
코오롱 씨클라우드 호텔,"['깨끗', '숙박', '편안', '저렴', '청결']","[1.8026287094208293, 1.3229739134794019, 1.2649572614288822, 1.1079569767513249, 1.1054137281416392]","['해운대', '위치', '바닷가', '수영장', '아침']","[-4.663040838188599, -4.044259180999751, -1.1643706776202407, -1.1418062907993292, -1.1077910933192674]"
아바니 센트럴 부산,"['깔끔', '시설', '친절', '청결', '업그레이드']","[0.724012798666741, 0.6371181692591786, 0.5784334397320482, 0.5116596163942657, 0.43589054760402773]","['침구', '가격', '주차장', '엘리베이터', '조식']","[-0.5954358149552558, -0.5548786816820073, -0.4801849364409352, -0.4370907784794319, -0.43137987238068787]"
롯데 호텔 서울,"['깨끗', '시설', '특급', '여행', '사우나']","[0.4876583536420322, 0.40541167935905403, 0.37199771064440607, 0.36446703130632785, 0.35198853987268985]","['백화점', '연결', '건물', '주차', '식사']","[-0.7312218192929294, -0.6956895573676308, -0.40017891511725745, -0.3761180557732082, -0.37580898475402824]"
웨스틴 조선 서울,"['상품', '패키지', '기분', '사우나', '선정']","[2.800359224659816, 2.5838389776803297, 2.2007342615705254, 1.8118280430971296, 1.588314153961072]","['라운지', '위치', '조항', '직원', '가격']","[-3.7382530364255793, -3.46500683202857, -2.5220585935126603, -2.4496521078687117, -2.417778066368021]"
호텔 농심,"['시설', '깔끔', '객실', '배관', '깨끗']","[2.3378736986857507, 1.4597119579990372, 1.1908902443122618, 1.0923844402229452, 1.0785882282892234]","['위치', '여행', '조식', '성급', '서비스']","[-2.350840054564887, -2.335767908957583, -1.85565575353584, -1.6985521312598855, -1.480861791422777]"
롯데 호텔 부산,"['맥주', '시설', '특급', '헬스', '저렴']","[0.6722946432411792, 0.44771559540557415, 0.3498725926104421, 0.3317700774551956, 0.29824669168614976]","['위치', '클럽', '여행', '가격', '라운지']","[-0.9529966442019776, -0.793307012548736, -0.5838202305474177, -0.5537988618030374, -0.5275159843685544]"
히든 클리프 호텔 앤 네이처,"['객실', '조식', '코로나', '맛집', '마스크']","[1.2769766529004034, 0.5639078730293715, 0.5479037287643408, 0.4791029027524299, 0.47011064979128825]","['가격', '수영장', '파티', '여행', '온수']","[-1.2496845823251912, -1.002805740422138, -0.8692523417555458, -0.8417396386544445, -0.8292258181945348]"
여수 호텔 jcs,"['깨끗', '깔끔', '신축', '친절', '돌산']","[0.456508493306706, 0.4128870407614056, 0.3751363372402251, 0.3343227629634355, 0.25595386214446975]","['여행', '수영장', '여수', '가족', '뷰로']","[-0.743352054287968, -0.5952633069322769, -0.5884970143202307, -0.5174402968836866, -0.44271487192945247]"
여수 유탑 마리나 호텔 리조트,"['여수', '가격', '직원', '무료', '와인']","[1.6094321794933255, 1.5225130293042914, 1.4772508955175512, 1.0774860868055363, 1.0588648661677036]","['객실', '깨끗', '조식', '엘리베이터', '야시장']","[-2.0417952282455896, -1.834743000930939, -1.5632892483436445, -1.5135702935829647, -1.3212444904228438]"
여수 베네치아 호텔&리조트,"['숙박', '일출', '접근성', '다인', '오동도']","[1.8403426871994266, 1.4697992360660286, 1.4631981355702472, 1.2938504322104247, 1.2046674172665441]","['깨끗', '위치', '엑스포', '친절', '이동']","[-2.282213958285925, -1.846567438005212, -1.5905058816629327, -1.366039503623119, -1.256737338874065]"
호텔토마스명동,"['청결', '명동', '구매', '화장실', '히터']","[0.5500123709263309, 0.3639558051982733, 0.3135497392590976, 0.2987855014735534, 0.267456025167899]","['직원', '위치', '교통', '깨끗', '방음']","[-0.5818697905655685, -0.5633461778060499, -0.39095784034992337, -0.3258298260982054, -0.32254076396946385]"
호텔 미드시티 명동,"['미드', '명동', '인테리어', '샤워', '사람']","[0.27913310891945164, 0.2697863162517527, 0.24270063372710882, 0.2091278298270889, 0.19137642631343257]","['깨끗', '위치', '조용', '객실', '침대']","[-0.7632335759834076, -0.4539001497996371, -0.3616989078796989, -0.3105666724657917, -0.25826661985619653]"
나인트리 호텔 명동,"['가능', '저렴', '선택', '맛집', '메리트']","[0.7240437261215196, 0.71906872386392, 0.5707392659837356, 0.4845089232144234, 0.4507410760283362]","['위치', '명동', '직원', '침대', '라운지']","[-0.8337258699098347, -0.665456677999105, -0.6602387142727485, -0.5875590227877975, -0.5577502306985338]"
호텔 다움,"['애용', '직원', '객실', '병영', '수압']","[0.5519494174443523, 0.43667259203829334, 0.39316314823819803, 0.30580937607312736, 0.2908501070304328]","['깨끗', '조용', '숙박', '가족', '조식']","[-0.7844247884686679, -0.6667801135978291, -0.6420501376144016, -0.5264647984512532, -0.48318027143088166]"
신라스테이 울산,"['가격', '위치', '관람', '주차', '숙박']","[1.7316070956873275, 1.1033331800096944, 0.8786724642750455, 0.7839164496258201, 0.7277318676873876]","['조식', '침구', '에어컨', '전반', '체크아웃']","[-2.248547613133969, -1.6090314282077023, -1.256164911803848, -1.1306921808562542, -1.0616266312682043]"
그랜드플라자청주호텔,"['편의', '주차', '로비', '깨끗', '수영장']","[0.2724089825837652, 0.2706992807655955, 0.25381999584857695, 0.24387160467148436, 0.2389928098152453]","['성급', '객실', '숙박', '가격', '편안']","[-0.4434109152344058, -0.43317229034001886, -0.4306045315705609, -0.3979547019533312, -0.3065643770365863]"
호메르스 호텔,"['청결', '깔끔', '쾌적', '방음', '내부']","[0.8811362088675078, 0.6839225157989717, 0.5203000094948365, 0.5161396419861735, 0.49627495050631437]","['전망', '조식', '위치', '프론트', '바다']","[-1.6063468987426535, -0.869297505838136, -0.7156969340102721, -0.5915678113016876, -0.5790196251317701]"
하운드호텔 광안리,"['위치', '공사', '가격', '넉넉', '사진']","[0.866627185688853, 0.5679136653520743, 0.5660400915031316, 0.4313329631132782, 0.37129626240582886]","['객실', '주차', '침대', '직원', '소리']","[-1.0741243686106652, -1.020881875601707, -0.7364227340131134, -0.7101345670299376, -0.6861128675846261]"
힐튼 호텔 부산,"['여행', '힐링', '코로나', '친절', '부대시설']","[1.3095818972319453, 1.0490932044748698, 0.9977952767687794, 0.9787546928372848, 0.848446843241832]","['조식', '식사', '음식', '야외', '샴푸']","[-1.596137224976443, -1.0510984071200724, -1.0302873585095604, -0.8472217650786529, -0.8287330550007566]"
브라운도트호텔 덕천점,"['에어컨', '친절', '공기', '인도', '셀프']","[0.3872108342848753, 0.2689618925727682, 0.26582248892649246, 0.2517370081569018, 0.23555671837211573]","['사용', '온수', '객실', '주차', '교통']","[-0.5741622619173833, -0.555283512805602, -0.5335735493456434, -0.4680408258552057, -0.44310417922278234]"
제이비디자인호텔,"['청결', '친절', '시설', '서비스', '주차']","[1.1669506329283597, 0.8716765966314165, 0.6030625099500918, 0.49737272946620664, 0.4768629850535791]","['조식', '위치', '객실', '가격', '모텔']","[-1.8723817376636573, -0.9721909711192158, -0.6039672181141735, -0.5693512855749152, -0.551561099632006]"
그랜드 조선 부산,"['가격', '라운지', '여행', '아기', '사진']","[1.2724170695616281, 1.120245912508338, 1.00375868909453, 0.9599653436680211, 0.7858375566402978]","['시설', '객실', '서비스', '주차장', '주차']","[-1.4902660524212954, -1.27220703044962, -1.1576931611855206, -1.0922015071122089, -0.9034991552101183]"
파크 하얏트 부산,"['화장실', '광안대교', '바다', '처음', '시설']","[0.3850875539090208, 0.3524716668688528, 0.32804138295678287, 0.31153494271160453, 0.3038195134454141]","['여행', '조식', '수영장', '위치', '가격']","[-1.0793565788932693, -0.6244557185158688, -0.6053573615961935, -0.5027604948521118, -0.45553867566911915]"
티티호텔,"['청결', '깔끔', '편의점', '사진', '업그레이드']","[0.6061293722955458, 0.5977900050777978, 0.4119462920898838, 0.3589572245938662, 0.33998129790262255]","['서면역', '숙박', '위치', '욕조', '친절']","[-0.6118386983158884, -0.6004034212299537, -0.44056041081069447, -0.4396246577395553, -0.4267529215560293]"
나인트리프리미어호텔인사동,"['위치', '편의점', '야경', '가능', '답변']","[0.564801988401619, 0.3058652393006597, 0.3017059220775155, 0.2302968552901117, 0.21823245928992263]","['깔끔', '객실', '깨끗', '주차', '직원']","[-0.5659182272653032, -0.46393532445932145, -0.40876558834168036, -0.38970230334964684, -0.34846192417538024]"
서울프린스호텔,"['위치', '깨끗', '숙박', '시설', '조용']","[0.49278453092619484, 0.47753143998705677, 0.3907757023571473, 0.33022061781927575, 0.2961012047434294]","['객실', '명동', '모델', '아진', '거리']","[-0.4006591762971836, -0.3269475323006338, -0.21181323758968684, -0.21181323758968684, -0.17127984386569786]"
뉴서울호텔,"['직원', '수압', '슬리퍼', '주차', '배달']","[0.6880597088061144, 0.4835750554796459, 0.45720460383419725, 0.3466818918067388, 0.32364832714664726]","['위치', '청결', '구두', '숙박', '국수']","[-1.5530322435002828, -0.67557187933736, -0.6218066703873933, -0.6165731659723441, -0.6158531456447788]"
호텔 PJ,"['침대', '공사장', '카페', '화장대', '소음']","[0.35173175828654507, 0.21187442387090874, 0.21118919418291596, 0.19829016519146672, 0.1946419755261524]","['친절', '주차', '위치', '객실', '가격']","[-0.46462029362186646, -0.39543068028923706, -0.2922122529797277, -0.28677327107127326, -0.2668310429162102]"
세종호텔,"['친절', '시설', '코로나', '컨디션', '와인']","[0.7872372217146716, 0.6699326356022431, 0.5262119603020953, 0.5223706640147379, 0.5063495379623292]","['위치', '명동', '가격', '여행', '편안']","[-2.8253881012870576, -1.1853568924338895, -0.8144857346254311, -0.7849587664810882, -0.6324490361808766]"
로얄호텔서울,"['침대', '배달', '기분', '예민', '청결']","[0.3795386837048997, 0.3669459025701969, 0.3406808839706055, 0.29367207340060847, 0.2916196373133539]","['시설', '명동성당', '조식', '친절', '깔끔']","[-0.9180537243775719, -0.6780547736226293, -0.6780059315133069, -0.6544137153417975, -0.6387816546895151]"
호텔 스카이파크3,"['서비스', '비용', '친절', '장점', '가격']","[0.4737324139581571, 0.4647921176101318, 0.28155451068597337, 0.267995862952713, 0.26433474147854025]","['조식', '소리', '아침', '내부', '여행']","[-0.5598612743978949, -0.36886348428647475, -0.295407238771705, -0.2832459868292277, -0.27805825895140185]"
더 홍씨 강릉,"['청결', '깔끔', '화장실', '서비스', '욕실']","[0.3622903308745736, 0.3510514388625389, 0.2549988587273261, 0.22582718346709205, 0.19660758739786866]","['조식', '깨끗', '조용', '친절', '식사']","[-0.5977454900054345, -0.5922681299989174, -0.42552968039259853, -0.405985696056775, -0.39605001304165927]"
켄싱턴호텔 설악,"['친절', '객실', '전망', '저렴', '영국']","[1.6603086039338948, 1.14389476158231, 0.9818759648273762, 0.9353500689635174, 0.8927599223910193]","['설악산', '위치', '조식', '여행', '아침']","[-2.059020273524809, -1.34493115659392, -0.9309539302237722, -0.9221218294605422, -0.8885775087573649]"
롯데리조트 속초,"['코로나', '깨끗', '환상', '친절', '시설']","[0.4617390410774654, 0.4258709685785234, 0.2556790985969248, 0.23832656062466512, 0.22858529981983697]","['가격', '여행', '속초', '인피니티', '가족']","[-0.6195743808528024, -0.5982537552271572, -0.5087462484535317, -0.5024370545291104, -0.4026421560552163]"
쏠비치 호텔 양양,"['비치', '조식', '직원', '행복', '양양']","[0.39578394011617984, 0.3951884824321052, 0.37258915195212544, 0.370132050376425, 0.357408415878879]","['시설', '노후', '바다', '주차', '깨끗']","[-1.3297904049187812, -0.5202272281539216, -0.5073608968315751, -0.46973766434613395, -0.45986145469370376]"
베니키아호텔 산과바다 속초,"['동해', '저렴', '바다', '제가', '타월']","[0.6926506607271178, 0.6363926338281763, 0.5151612199109851, 0.44804336885261586, 0.38822012033886655]","['침구', '노후', '깨끗', '시설', '인터넷']","[-0.5592062635068996, -0.5244491188139377, -0.5132000306872158, -0.4645207205686366, -0.3672269868815707]"
오색그린야드호텔,"['파동', '힐링', '탄산', '암반', '깨끗']","[1.9715213032854249, 1.7895206612055474, 1.5462437477794473, 1.2059134303015666, 1.062353322051497]","['날씨', '가족', '여행', '조용', '식당']","[-2.553606819475328, -1.897381145100877, -1.7772271464325187, -1.765120737941709, -1.7370492702453235]"
메종글래드제주,"['여행', '시설', '접근성', '공항', '조식']","[0.7410507205120398, 0.47287843051602974, 0.3853942725457754, 0.3403804117547284, 0.30676573679208036]","['가격', '화장실', '시내', '결제', '아침']","[-0.7554816804338119, -0.6066964242724248, -0.5883053908167644, -0.5689367910308821, -0.5355713345890006]"
호텔 스카이파크,"['조용', '하루', '깨끗', '장점', '힐링']","[0.3639819669589161, 0.2979044686381022, 0.2269120434946005, 0.20663989017038006, 0.17528990252380885]","['위치', '한라산', '시내', '조식', '숙박']","[-0.7406616025405263, -0.6827640981873521, -0.45326696444972375, -0.38524557942721255, -0.31898922655455697]"
메이더호텔,"['친절', '청결', '조용', '직원', '깨끗']","[1.1240702881313298, 0.7611432452961742, 0.6468687648641412, 0.3903259893570193, 0.34158299047816215]","['사용', '가능', '프론트', '수영장', '위치']","[-0.46508601001891, -0.4212014899725157, -0.4056698518548704, -0.38505053297014125, -0.36776749618806076]"
그라벨호텔,"['온수', '수영장', '청결', '제주도', '옥상']","[0.7873191358893434, 0.6663524275583816, 0.6460085343464819, 0.3769484731617934, 0.34959366691151894]","['가격', '위치', '공항', '음식', '냄새']","[-1.204431813926549, -0.839640736735902, -0.7743565450607156, -0.6029601167705259, -0.5615653055898925]"
아스타호텔,"['가격', '여행', '깔끔', '시내', '침대']","[0.8803104549057964, 0.6584372318229517, 0.48120525547862697, 0.447443449511737, 0.4180567494671691]","['직원', '객실', '저녁', '조식', '도착']","[-0.835181659622975, -0.8081112792985271, -0.5820918919482734, -0.574217164794229, -0.5182972465802054]"
신라스테이제주,"['침구', '깔끔', '시설', '인터파크', '시내']","[3.1400207106307416, 2.9262110292559593, 2.70365380992229, 1.4794723454572427, 1.3939370359796392]","['위치', '조식', '가격', '직원', '스탭']","[-4.170046901207398, -3.430850967011605, -2.43380989084051, -2.3752122838149416, -2.2138131053260555]"
베니키아호텔제주(구. 뉴베니키아호텔제주),"['여행', '수영장', '애월', '따뜻', '온도']","[0.634683632886805, 0.5831904990110306, 0.545316763837787, 0.5021083819896415, 0.4254237958717295]","['편의점', '침대', '친절', '깔끔', '수건']","[-0.8509218674442838, -0.8210077999285805, -0.7189853224960864, -0.661699548572547, -0.6579464498092334]"
호텔더원,"['제주도', '친절', '깨끗', '여행', '컨디션']","[0.6596962071754072, 0.6322339687299237, 0.5778887067464412, 0.4291987492601883, 0.40116387688157573]","['냄새', '침구', '깔끔', '화장실', '담배']","[-0.7999759871938877, -0.662597738659718, -0.5382366139700807, -0.47111286677746245, -0.41222297361727317]"
호텔난타,"['여행', '가족', '난타', '사용', '소리']","[1.2951666843124896, 0.6564606209012369, 0.5139563607005233, 0.5014842682533884, 0.4811470473316244]","['객실', '식사', '창문', '아침', '서비스']","[-0.868609612819704, -0.7295928004515431, -0.645497863735107, -0.6054288910921766, -0.5002406366050879]"
호텔 샬롬,"['여행', '조식', '샬롬', '침대', '커서']","[0.4891164350013808, 0.43707723744406385, 0.3772354257873884, 0.3513319081824341, 0.2842526474844584]","['욕조', '위치', '객실', '깨끗', '바다']","[-0.7400314414711591, -0.6515522435393898, -0.5886330280327563, -0.5516371269616074, -0.4829058497919736]"
호텔 시리우스,"['수영장', '여행', '컨디션', '수영', '제주도']","[0.717683893623777, 0.5093378328158655, 0.4895733101929995, 0.3877892040901747, 0.3404892095512491]","['객실', '소리', '조식', '시설', '깨끗']","[-1.0659911208947201, -0.6001958284016303, -0.5832079783734584, -0.5423725697273869, -0.5260523090310036]"
다인리조트,"['깨끗', '여행', '수영장', '바다', '라이브']","[0.45703239382636307, 0.4123642681568358, 0.3625886766658919, 0.29580411855351063, 0.2850021650304459]","['냄새', '시설', '청결', '신경', '별점']","[-0.5133143773831582, -0.31295917366416526, -0.2978681069531392, -0.26870503811937485, -0.24323850458851198]"
올레리조트,"['수영장', '가족', '올레', '아이들', '동남아']","[1.0940841255035108, 1.00320402706066, 0.7760336266381559, 0.4471372162298362, 0.44616169869218203]","['조식', '깔끔', '직원', '화장실', '전반']","[-1.1218170020568383, -0.465902158463912, -0.46384780063566927, -0.4634968242594438, -0.4360400145756011]"
수앤수리조트(구.수앤수가족호텔),"['깔끔', '사용', '준비', '가격', '객실']","[0.45743553311682844, 0.4224106800359058, 0.4219824366113744, 0.3983894514425038, 0.39014473400220484]","['여행', '냄새', '고양이', '친절', '방음']","[-0.6367695391838806, -0.4741069507857321, -0.41976585435063857, -0.3427236198828283, -0.302042672985324]"
네스트호텔(NEST HOTEL),"['여행', '직원', '가격', '아기', '따뜻']","[1.4737758880146594, 1.4161748969351868, 1.287011175137966, 1.119566292475334, 0.7395828977363009]","['조식', '시설', '객실', '공항', '청결']","[-1.1340835857853937, -1.0473941784049092, -1.005230885056034, -0.876381508895162, -0.7510269869340702]"
파라다이스시티,"['사람', '가족', '평일', '저렴', '패키지']","[0.9948575566682237, 0.7291181225386418, 0.5586316574454224, 0.5077539218239773, 0.40410736325547436]","['수영장', '체크아웃', '인천', '공항', '공사']","[-0.8657107863186512, -0.5054101394330169, -0.49826222905853673, -0.4351352868526805, -0.42370521262574956]"
라까사호텔 광명,"['깔끔', '시설', '주차', '동굴', '글래스']","[0.7030109398551951, 0.40557145034065356, 0.3867902902621192, 0.21443743272755011, 0.18319930728426584]","['위치', '이케아', '직원', '욕조', '깨끗']","[-0.4659662399039208, -0.4297989306940836, -0.3684800770750923, -0.354151163230033, -0.3280442234995252]"
아셈호텔,"['사용', '시설', '평일', '깔끔', '이벤트']","[0.3443805741663613, 0.3297108336760887, 0.29805392931166574, 0.2738012311669939, 0.2690806928704395]","['가격', '깨끗', '직원', '객실', '도시락']","[-0.5958178764789231, -0.582709100733703, -0.4305426941065023, -0.4129867993983645, -0.3819407658558807]"
여주 썬밸리 호텔,"['적극', '깔끔', '깨끗', '친절', '준비']","[0.2502678701089894, 0.23992395622046997, 0.16434749668730328, 0.1468831473546164, 0.1253858688972623]","['조식', '아쉬움', '먼지', '시설', '기분']","[-0.4272155813589457, -0.24691087823209903, -0.2132701684841295, -0.18272902852899583, -0.15781718663947164]"
베니키아 노블호텔,"['종로', '가격', '물건', '서비스', '인사동']","[0.3698242525379524, 0.32880216215420804, 0.30885766388696195, 0.2806954492998042, 0.26712747825851924]","['제가', '수건', '말씀', '직원', '만원']","[-0.6706792671480274, -0.6348034805074063, -0.5392481765536834, -0.4944627222238153, -0.40338417436876256]"
디아크리조트,"['친절', '객실', '가능', '직원', '마스크']","[0.3029148948816226, 0.19990513206356347, 0.1953556280228616, 0.17608303829626618, 0.14922823154647125]","['수영장', '아크', '욕실', '여수', '주차장']","[-0.15265113295080251, -0.15184156724798534, -0.13119165172015673, -0.12164815034132638, -0.11678000525156375]"
라한호텔 전주,"['온도', '주차', '주차장', '편의점', '청결']","[0.30763375758082734, 0.29395231261720883, 0.27029331206616697, 0.24602066728478428, 0.2406531628196638]","['직원', '조식', '위치', '깨끗', '이용한']","[-0.5401128805429443, -0.48938101344530754, -0.48559956857616476, -0.3635833252609033, -0.3104856139067597]"
엔브릿지 호텔,"['숙박', '샐러드', '사용', '기분', '조식']","[0.35618962029567564, 0.344585564080214, 0.33619185668901, 0.2904632325149814, 0.2760218754564778]","['스파', '서비스', '화장실', '침대', '모텔']","[-0.5761492967671772, -0.4827259106387221, -0.4596497076133068, -0.4321972623022285, -0.39759817617158855]"
베니키아아리울,"['청결', '객실', '별거', '준비', '지대']","[0.45757328490349364, 0.37529616002626853, 0.3544075306798528, 0.31242590569826567, 0.24697062163459602]","['위치', '시내', '관광', '아침', '가격']","[-0.8619468104611261, -0.5772009750520031, -0.3992727403338543, -0.38638568313600474, -0.37489522426840444]"
라마다제주시티,"['가격', '깔끔', '여행', '시내', '맛집']","[0.9233482014576359, 0.9068760175283682, 0.6666068751179351, 0.6652734772513507, 0.5091566093646801]","['위치', '조식', '깨끗', '편안', '직원']","[-1.1909741893357186, -0.9885433042170536, -0.8542406233042955, -0.6972057117304642, -0.643030886306592]"
라마다제주함덕,"['가격', '에어컨', '이불', '도움', '해수욕장']","[0.6657590604684523, 0.4811216235773966, 0.4060656705942285, 0.36576111008068757, 0.3591196289289757]","['해변', '깔끔', '서비스', '친절', '깨끗']","[-1.2637004368020135, -1.073947098034736, -1.0671859030089113, -0.9880675706608869, -0.832475046034556]"
호텔 케니 서귀포,"['깔끔', '주차', '여행', '위생', '공영']","[0.7402209778727993, 0.7183788437562366, 0.6950904834902675, 0.5880651077636827, 0.575154166096563]","['조식', '객실', '화장실', '직원', '시장']","[-1.3983241133283115, -1.3386825659634607, -0.8841217444086662, -0.7215246675249135, -0.6951483386667554]"
호텔 케니 여수,"['야경', '택시', '시설', '여행', '관광지']","[0.520490378378814, 0.37259764321595057, 0.32373009090540067, 0.2942702925222807, 0.2884174415331249]","['위치', '주차장', '화장실', '깨끗', '냄새']","[-0.8864479450240423, -0.8562779478326694, -0.6947029900771993, -0.6938375665391217, -0.6159710045862644]"
켄트호텔 광안리 바이 켄싱턴,"['깨끗', '파티', '라운지', '전망', '깔끔']","[3.881208128887388, 2.423651566569226, 1.7505346367492434, 1.3617191721395858, 1.3422769228728126]","['위치', '컨디션', '조식', '광안리', '전화']","[-2.7610248481104747, -2.5861205885369456, -1.746896763823435, -1.2375395108828995, -1.2234732167752393]"
에이큐브 호텔,"['커튼', '청결', '친절', '여행', '서비스']","[0.4824594278280048, 0.3641753022431998, 0.32816473515397665, 0.24734065594122162, 0.22451723382445266]","['가격', '위치', '객실', '광장시장', '거리']","[-0.9788135876715401, -0.7485864172305781, -0.6791103490830283, -0.3753272166486418, -0.35128692274625267]"
코트야드 메리어트 남대문호텔,"['패키지', '매트리스', '와인', '과일', '선택']","[0.6024249877573945, 0.2901480162661942, 0.28531837251194964, 0.2569982343199681, 0.25314543173537823]","['라운지', '조식', '직원', '주차', '위치']","[-0.6140217352118441, -0.5050612263259547, -0.4194535603767186, -0.3715400678281947, -0.29769723076985627]"
G2 호텔,"['루프', '기회', '주차', '조용', '처음']","[0.6074240842386601, 0.4175727942913273, 0.2712866793253519, 0.2669909653155621, 0.19748523997549253]","['컨디션', '전반', '숙박', '편안', '여행']","[-0.41435365239530136, -0.3632413130883468, -0.31810703688406516, -0.2853099568263419, -0.2804681467487963]"
임피리얼 팰리스 부띠끄 호텔,"['친절', '직원', '깨끗', '이태원', '창문']","[1.2662338606906305, 0.9251174019328425, 0.8153935905708335, 0.5207804128631153, 0.4920052875718846]","['숙박', '객실', '소음', '서비스', '거리']","[-1.2632962044869678, -1.175222969377237, -0.7806326367883802, -0.7122191266663017, -0.6111462380432983]"
호텔 더 디자이너스 서울역,"['깨끗', '객실', '업그레이드', '거울', '머리카락']","[1.0453473184534208, 0.7000845682443917, 0.6902644675667443, 0.6725878975538356, 0.6434662676461985]","['위치', '조식', '침대', '아침', '방음']","[-1.7193280153173442, -1.2126915237380478, -0.8843956464081209, -0.7932962113257535, -0.719393774093391]"
호텔 포코(POCO),"['객실', '직원', '주차', '사진', '접근성']","[0.6672595119170145, 0.5041740094016282, 0.4884901253805121, 0.448132186557463, 0.3953100479676293]","['위치', '소음', '소리', '욕실', '지하철']","[-1.4126580072957557, -0.41343436297572606, -0.37042722349792206, -0.28664410775045945, -0.2572123554636782]"
스위스그랜드호텔,"['시설', '뷔페', '사람', '친절', '수영장']","[0.6640788705718457, 0.5935688226209674, 0.40238982528074446, 0.3993473979828237, 0.3711160414311547]","['직원', '가격', '먼지', '객실', '성급']","[-0.7314092909920125, -0.4786784351182802, -0.44479114766278566, -0.4362312981487278, -0.39067248052496484]"
㈜호텔롯데 롯데시티 호텔마포,"['조어', '대전', '커피', '사용', '직원']","[0.7808258482583214, 0.36411385626987763, 0.2548637482465945, 0.2460676304756653, 0.2373890746200849]","['수영장', '시설', '편의', '근접', '조식']","[-0.7395473759957497, -0.5885362713818533, -0.5611763603547489, -0.5278613469428823, -0.5053277356267535]"
아만티 호텔 서울,"['바탕', '친절', '시설', '직원', '서비스']","[5.352094381894791, 2.4151365824595223, 1.8971116044239873, 1.7208422187482255, 1.5399920790532786]","['위치', '조용', '수영장', '가격', '깔끔']","[-3.5034050023926366, -2.9870128517501233, -1.9895437652029373, -1.9700586536358178, -1.509609259234324]"
메이필드 호텔,"['아이와', '수영장', '기분', '시설', '저녁']","[1.7664448951188878, 1.6654981303758742, 1.4542415720867163, 1.2617144561073101, 1.1789395983837787]","['가격', '공항', '조용', '깔끔', '위치']","[-4.552782010800381, -3.575833788902744, -2.6683172293923794, -2.2347549212554596, -2.0786351029352885]"
SR 호텔 마곡,"['따뜻', '난방', '고급', '건조', '바닥']","[0.5382622555747244, 0.505110720307981, 0.4967588669886066, 0.4404451463945358, 0.4072165981488314]","['수영장', '조식', '화장실', '욕조', '서비스']","[-1.0988896358610531, -0.7752474149757668, -0.6756946203320003, -0.6264630482251656, -0.5801427295996561]"
스타즈호텔 독산,"['깔끔', '조식', '롯데마트', '비롯', '직원']","[0.5094796211458761, 0.46503423624242857, 0.3718692294953473, 0.2968178427435308, 0.2677241861412918]","['청결', '주차장', '객실', '깨끗', '냄새']","[-0.6352185162303597, -0.6056685095053733, -0.5894499612171337, -0.5650202114574975, -0.542819131388978]"
켄싱턴호텔 여의도,"['시설', '주차', '깔끔', '깨끗', '노후']","[2.4307336095259355, 1.6592871192969445, 1.2481615793822114, 1.2169979404756253, 1.037593164571342]","['위치', '조식', '여행', '업그레이드', '화장실']","[-3.701107261605066, -1.5543430300127359, -1.3786187000321097, -0.961357516428799, -0.9387473909074823]"
신트라(SINTRA) 호텔,"['게임', '컨디션', '안전', '제일', '직원']","[0.6803117563535093, 0.4030755532527089, 0.30103333643270375, 0.28615707252300254, 0.2733942781140379]","['깔끔', '사용', '주차', '욕실', '욕조']","[-0.8539535028053099, -0.23660989666326399, -0.21987418723720176, -0.21655612482696976, -0.18116252395149404]"
신라스테이 서초,"['깨끗', '깔끔', '친구', '저렴', '시설']","[2.0987793346695924, 1.7921800619248307, 1.5714535763960116, 1.510161160706406, 1.2987990390300341]","['위치', '직원', '침구', '위생', '서비스']","[-4.925981592863319, -2.021532927676724, -1.5571785853836937, -1.496424451573768, -1.462099702251968]"
산청한방가족호텔,"['깨끗', '적당', '가격', '친절', '휠링']","[0.34565421135056806, 0.19099394288537047, 0.18820388236799804, 0.11252837939478305, 0.11183997165327947]","['위생', '편안', '숙박', '도착', '침구']","[-0.17411043738115034, -0.12351368993698202, -0.12213039841558174, -0.11037173583867775, -0.10764661780459554]"
베니키아 양산호텔,"['창문', '직원', '주말', '조용', '평일']","[0.4229567630163857, 0.3216215841587691, 0.26007510995355815, 0.20313677529813157, 0.2013265055061847]","['가격', '식당', '조식', '깔끔', '침대']","[-0.45131317652886865, -0.4456252883047877, -0.4329567649599717, -0.41975947738350655, -0.35982346707715485]"
호텔 아리나,"['밀양', '화장실', '침대', '깔끔', '고민']","[0.4843843049625304, 0.4203116801905479, 0.36693138390969465, 0.24318210130406903, 0.2368806831458594]","['방음', '옆방', '시설', '소리', '샤워']","[-0.28252649037063293, -0.2748918743678633, -0.2687033494325793, -0.25807714172075175, -0.2209751392144711]"
아이스퀘어호텔,"['깨끗', '시설', '오픈', '서비스', '코로나']","[2.20194005114244, 1.5469496827373368, 1.0463596794804435, 0.9225613409592393, 0.8458057577421437]","['위치', '가격', '조식', '아침', '여행']","[-2.8277345513520618, -2.7111810217856678, -1.3045093799456675, -1.1117344224583356, -0.9751899500451353]"
엠버 퓨어힐 호텔 & 리조트,"['친절', '직원', '만점', '조식', '부모']","[0.31769204799639844, 0.2707835671279642, 0.23544927211417838, 0.23201531724586053, 0.2171518575604408]","['동반', '가족', '여행', '지금', '바닥']","[-0.3345492473734484, -0.25055114405969675, -0.1570754979232057, -0.1487370900040375, -0.14610975527372239]"
노형호텔,"['친절', '직원', '응대', '청결', '당일']","[0.7221182171728548, 0.360923346017277, 0.20184309693570462, 0.19570411768736012, 0.1664807185603842]","['주차장', '깨끗', '공항', '침대', '공영']","[-0.5865090080803465, -0.27271780009167784, -0.26803746619700763, -0.26484365392960607, -0.24191715371962452]"
호텔 인터내셔널 창원,"['창원', '깨끗', '냉장고', '모텔', '가격']","[0.9106120615201674, 0.5907777289045476, 0.41560458677558615, 0.39794524994020486, 0.3671172229123005]","['직원', '주차장', '객실', '주차', '조용']","[-1.0667034351048643, -0.9263702407733361, -0.9177478862859791, -0.6591666402159306, -0.6415127383624782]"
스카이베이경포,"['슬리퍼', '직원', '강릉', '여행', '위생']","[2.4928658000810517, 2.1831017055657287, 1.5441616930268072, 1.468619435872483, 1.2613496554551722]","['인피니티', '바다', '주차장', '서비스', '주차']","[-1.9171944561861813, -1.6257678306709353, -1.6055835557932847, -1.53776963578106, -1.5132517619397758]"
밀리오레 서울 명동,"['비지', '방음', '침대', '창문', '남산']","[0.9417726431006437, 0.7768589459563249, 0.6386198900996237, 0.6091653967143678, 0.5708219512777971]","['교통', '온도', '서비스', '전화', '이불']","[-0.718772156537106, -0.6400676846112391, -0.6387683936614501, -0.6269190811198856, -0.5786103094825841]"
라마다호텔앤스위트서울남대문,"['구비', '코로나', '인정', '친절', '직원']","[0.5005510058465343, 0.46886710854631225, 0.4349914441242927, 0.4094172290530028, 0.4008725580855244]","['남대문', '조식', '위치', '깔끔', '객실']","[-0.6674814063585911, -0.6054394055720128, -0.4024189780674335, -0.37788105119099136, -0.3375285635772674]"
"(사용X, 삭제예정)라온스테이 인 페를라","['저렴', '침구', '따뜻', '코로나', '온돌']","[0.9049096390561043, 0.5826875964773186, 0.5578525528558627, 0.34703901014286, 0.31302924066698434]","['침대', '객실', '위치', '진주', '커피']","[-0.8924383894152972, -0.6749743760083565, -0.598513064325546, -0.5644079848070617, -0.5631857940217361]"
청주 제이원,"['친절', '지도', '크리스마스', '공항', '직원']","[0.6801185014730549, 0.338965246587141, 0.336024377325016, 0.3201117294089375, 0.2997101592613552]","['주차', '가격', '깨끗', '조식', '건물']","[-0.5394599050404565, -0.4926058001816897, -0.4592454570318721, -0.39562688579812705, -0.33666758739590963]"
엘시티 레지던스,"['친절', '부모', '직원', '객실', '예정']","[0.47333001493240834, 0.4152575260929053, 0.3261698317985088, 0.32366053570958403, 0.2982122296749542]","['시설', '깨끗', '청결', '숙박', '훌륭']","[-0.9629223813658191, -0.5478664966134855, -0.5113773571733096, -0.49723966234732164, -0.4584981126609926]"
라마다 앙코르 해운대,"['가격', '진짜', '위치', '청결', '편의점']","[1.0930824267489396, 1.0456866544622774, 0.6319497235465035, 0.5035949774989664, 0.4443064318429672]","['침구', '접근성', '해운대역', '먼지', '공사']","[-1.0975369479463983, -1.0246917152959192, -0.894420544402279, -0.7643634328966212, -0.6862513055871475]"
ACC DESIGN호텔,"['조식', '청소', '깔끔', '라운지', '남자친구']","[0.6108548653321548, 0.6108124977752134, 0.5926836421589247, 0.31691834578005723, 0.23057561273773727]","['냄새', '직원', '서비스', '가능', '모텔']","[-0.4708221825069025, -0.4615399402493672, -0.3792894322609471, -0.32285454416522036, -0.31964961424123567]"
호텔수성,"['대구', '시설', '전망', '힐링', '마스크']","[1.3248851890268345, 1.0389222357439694, 0.6799665813028561, 0.5733805411564625, 0.5652447985297392]","['조식', '자쿠지', '추가', '상품', '인피니티']","[-1.2916252442670144, -1.230376210817911, -0.999839732916465, -0.957150180589022, -0.7145823758410632]"
힐튼 호텔 경주,"['수영장', '조식', '경주월드', '대기', '물놀이']","[1.4813675845436318, 0.9754108412397627, 0.7493010039757229, 0.6282835130917074, 0.5848115161947163]","['위치', '여행', '벚꽃', '문호', '편안']","[-1.6879160252936383, -1.011026000442305, -0.933259873892413, -0.6625378891789951, -0.6531372046890038]"
라한셀렉트 경주,"['방음', '모델링', '우수', '대기', '소리']","[0.6998871499393199, 0.6833528166122231, 0.5888504340741965, 0.4984882087811503, 0.4117537755272495]","['가격', '가족', '할인', '편안', '투숙객']","[-0.7891395456485175, -0.4651923890786177, -0.4609796532517954, -0.4077829409813983, -0.3966665261361494]"
경주 코오롱호텔,"['조식', '깔끔', '노후', '사진', '욕실']","[1.7665759578587241, 1.5861385945283042, 1.0142208000192139, 0.9105791015570514, 0.7781914410784859]","['객실', '가격', '숙박', '공기', '위치']","[-2.6908837344340104, -2.5758819034010236, -1.9523299090166688, -1.8562227332303718, -1.1992875816580506]"
코모도호텔 경주,"['깨끗', '관리', '소리', '웰리', '덕분']","[2.1978100087387156, 1.8670877838159232, 1.3907290681095943, 1.2793446614952961, 1.177206955354082]","['가격', '위치', '시설', '조식', '문호']","[-6.354939820016892, -4.659452227037171, -2.837372669147335, -2.828076951527918, -2.784082167698007]"
아리수경주호텔,"['객실', '깔끔', '위치', '실내', '친절']","[0.3331636485304587, 0.3192077885913114, 0.24948825608603448, 0.24898627057712897, 0.20988668146744952]","['프론트', '불국사', '직원', '모텔', '청결']","[-0.3634548350265053, -0.34400734309207803, -0.33548070172108485, -0.3197615308062949, -0.3002891447993938]"
주왕산 온천관광호텔,"['친절', '직원', '깨끗', '공급', '사우나']","[0.4148370529645476, 0.2734629045212273, 0.23587128957402273, 0.2035116136207328, 0.18477724197487747]","['조식', '화장실', '사용', '따듯', '조용']","[-0.3373050315052912, -0.20942313737167295, -0.20766679714002248, -0.19533657739797922, -0.18643677521799562]"
호텔 삼정,"['친절', '위치', '숙박', '조식', '삼정']","[0.408528778528275, 0.3100878765704219, 0.2764331018450357, 0.25143857056563096, 0.22320002289593632]","['냄새', '맥주', '담배', '시설', '바퀴벌레']","[-0.4705805851001024, -0.36582300531503426, -0.2458483881672778, -0.2330680242499033, -0.22103243618189208]"
노보텔앰배서더 강남,"['시설', '깔끔', '객실', '로비', '침구']","[0.7969223393641067, 0.733848248813277, 0.6037404834883515, 0.36505572323502633, 0.35876118979297206]","['깨끗', '편안', '사람', '수영', '조식']","[-0.6354970067580328, -0.6222833303575951, -0.5234795688054571, -0.5041399195463989, -0.4842557127430681]"
베스트 웨스턴 프리미어 강남,"['무난', '주차', '객실', '가격', '서비스']","[4.656759456034355, 2.3099710398699855, 2.0814041971645802, 1.7950447903042335, 1.5956007612352858]","['위치', '직원', '바탕', '조식', '에드']","[-5.0840626826228705, -2.49082584913535, -2.064767953174734, -1.7218596333155014, -1.697927081628435]"
호텔 신라스테이 역삼,"['깔끔', '합리', '상품', '보기', '제일']","[6.238883499930234, 2.003045850540567, 1.9892901461995003, 1.6756138281257789, 1.3899940842131873]","['청결', '스태프', '가격', '위치', '역삼역']","[-3.3220796701427497, -2.82653513160378, -2.3521041783380796, -2.097690213687301, -1.9524950417188542]"
호텔 카푸치노,"['침대', '공사', '주차', '기분', '커서']","[1.7937016307366818, 0.905594639520102, 0.8332728385315545, 0.771737413288151, 0.7664612840888541]","['강아지', '객실', '가격', '사용', '위치']","[-1.9359630299701915, -1.5274077412736826, -1.2761766803160046, -1.1031590892127996, -0.9467711753646851]"
글래드 강남 코엑스센터,"['코엑스', '깨끗', '깔끔', '숙박', '접근성']","[2.259556493573367, 2.1338745248339825, 1.2145583197048355, 1.148159371148175, 1.0020899425427312]","['위치', '비지니스', '직원', '적극', '여행']","[-2.8173115990709006, -2.430254259253103, -2.383347887205674, -1.383534295592037, -1.0082415152755222]"
호텔 뉴브,"['욕조', '조용', '화장실', '위치', '가능']","[0.7130168982960085, 0.6969141113784415, 0.6253851379290999, 0.6108747582859471, 0.472415907499107]","['시설', '편안', '전반', '청결', '주차']","[-0.9635609585150134, -0.786495339145491, -0.734379154995538, -0.641968115098785, -0.6305105940631348]"
호텔 크레센도 서울,"['에어컨', '객실', '가운', '슬리퍼', '청결']","[0.6840551931468603, 0.6682089652057076, 0.6063940484690378, 0.5170441168961368, 0.50697337836038]","['침대', '숙면', '공간', '위치', '계속']","[-1.6054630969585464, -1.1160607386233834, -0.7023999861369511, -0.5490544057473664, -0.5436506689712303]"
에이든 바이 베스트 웨스턴 청담,"['친절', '깔끔', '객실', '직원', '기분']","[0.7216891898693851, 0.35348454726641304, 0.2613121601353583, 0.2298859164100775, 0.20043048348305534]","['위치', '나쁘지 않아', '깨끗', '가격', '결혼식']","[-0.954035820725436, -0.47604648798763427, -0.42419713015583804, -0.3224301199718285, -0.2875636206575172]"
호텔 인 나인,"['인나', '나쁘지 않아', '깨끗', '객실', '인테리어']","[1.7911076111155704, 1.6178169832001588, 1.1098829658484033, 0.7011057093098477, 0.6015690253440117]","['위치', '코엑스', '가격', '소음', '침구']","[-2.0490515122665798, -1.3877380096643042, -1.3063624838821584, -0.9765123597843465, -0.8671165043634846]"
신라스테이 삼성,"['위치', '가격', '삼성', '깔끔', '아베']","[1.7531299535833906, 1.0286335083496798, 0.9201195959707561, 0.7826320135142084, 0.7322468653805122]","['직원', '공사', '침구', '조식', '가능']","[-1.462974384109092, -1.2347626514589662, -1.1976294993017869, -1.1955997574724508, -0.8236541315203355]"
호텔안테룸서울,"['깔끔', '청소', '가격', '가로수길', '인테리어']","[0.6139533393573424, 0.5943999426965233, 0.3735103359266994, 0.3693787252631314, 0.31868513897302403]","['위치', '깨끗', '소음', '샴푸', '고체']","[-0.7452536178633338, -0.4921956999983408, -0.48368351853756647, -0.43368069849406304, -0.42919596555404116]"
(주)파로스 관광호텔,"['친절', '업그레이드', '코로나', '연장', '잠실']","[1.4108117907087327, 0.33488541421802714, 0.28282369219665193, 0.2194597049427081, 0.21836363257783503]","['객실', '위치', '교통', '욕실', '조식']","[-1.6659596073745115, -1.142765900169744, -0.745973685273934, -0.6994440618597176, -0.5054811830985799]"
부산 호텔 마레,"['냄새', '광안리', '가격', '위치', '여행']","[0.31230691091758517, 0.207975609615493, 0.19968470345351272, 0.19694520783956845, 0.14018556428702136]","['소음', '친절', '모기', '처음', '만원']","[-0.3308730636400241, -0.3186584063816108, -0.2868036962625, -0.2699010530088107, -0.21825685933899205]"
부산 문현동 정성호텔,"['친절', '깔끔', '깨끗', '객실', '인테리어']","[0.6482577269711871, 0.5194880338997884, 0.3669703431307867, 0.3184432541613214, 0.28674251099291737]","['샤워', '향기', '제품', '방안', '세정']","[-0.6100514945911636, -0.5904201306786924, -0.3504780490101895, -0.31547377404152877, -0.3138597921403469]"
호텔 위드스테이 제주,"['건물', '직원', '가능', '로비', '청결']","[0.3547333991193557, 0.2581330239426838, 0.2578333646899794, 0.23168850559020385, 0.22089076192199925]","['위치', '시설', '주차', '차량', '깨끗']","[-0.8195300982782374, -0.43555221994054183, -0.43520529309519723, -0.3684512257978685, -0.31720470381181837]"
해운대 센텀 호텔,"['가격', '여행', '해운대', '깨끗', '우수']","[1.367010964590928, 1.1551157540727415, 1.1261900479288838, 0.9920237338385369, 0.5479424643283561]","['객실', '욕조', '관리', '바닥', '화장실']","[-1.1301640489604807, -0.9853498900277697, -0.8179874018829248, -0.807318588538148, -0.799694578833206]"
베스트루이스 해밀턴 호텔 기장,"['기장', '메트리스', '분도', '침대', '컨디션']","[0.590530750800085, 0.4515283339743691, 0.36928162901015577, 0.36102208920940093, 0.3209629683800137]","['상태도', '여유', '일요일', '프런트', '모텔']","[-1.2499617565502388, -1.0044970030386644, -0.7870798472160926, -0.7031902023960359, -0.5413994276178287]"
타워힐 호텔,"['위치', '시설', '여행', '깨끗', '요금']","[0.8544130817555659, 0.6049495728808106, 0.3821867660188447, 0.34800130058366757, 0.29026438670817417]","['프론트', '에어컨', '직원', '숙박', '침대']","[-0.6117965420087013, -0.5360552495185708, -0.5308609779168607, -0.4491975386963339, -0.4026129404230915]"
호텔 포레 프리미어 남포,"['타워', '국제시장', '체크아웃', '주차장', '천원']","[0.682569123421519, 0.6700283022232939, 0.6294567112539742, 0.5395832411722753, 0.5377758354509681]","['샌드위치', '위치', '시내', '접근성', '쇼핑']","[-1.277421088827456, -0.9532998776108558, -0.848713751012967, -0.8408831981237669, -0.8286686344109065]"
호텔 아벤트리 부산,"['깨끗', '여행', '가격', '가족', '위치']","[0.854793764688728, 0.41618412796982485, 0.3334838098290778, 0.2582318921365606, 0.251554960797932]","['시장', '국제시장', '냄새', '숙박', '택시']","[-0.6314695470192322, -0.52611133466919, -0.4429850078230845, -0.3455123287894128, -0.33970418914031203]"
코모도호텔 부산,"['직원', '깨끗', '저렴', '친절', '접근성']","[1.3973816911716748, 1.394746774243778, 0.8322449868634142, 0.7928816848474869, 0.7926138434755762]","['조식', '객실', '청결', '아침', '식사']","[-2.736068454942615, -1.4897741507598823, -1.3480621781063675, -1.3311945083863042, -1.1287331860193957]"
베스트 루이스 해밀턴 해운대,"['깨끗', '친절', '해운대', '침구', '아늑']","[2.634741791790034, 2.0181875330566337, 0.8330268333038575, 0.832770074374018, 0.8062010747253429]","['위치', '조식', '조용', '가격', '여행']","[-3.4077417208485614, -2.2424813664499683, -1.3390488618611547, -1.025253325033759, -0.8270549461018001]"
부산 라메르 호텔,"['무료', '해수탕', '시설', '감동', '찜질방']","[0.5080898705731768, 0.3959353189331186, 0.36063069281607263, 0.3233544040217404, 0.3150936078950684]","['위치', '가격', '헬스', '해수', '컨디션']","[-0.689139930945361, -0.48549539613812975, -0.38117526402056445, -0.36683923777783023, -0.36167326132866034]"
호텔포레 더 스파,"['친절', '여행', '깨끗', '야외', '저렴']","[0.4663745475950304, 0.4252467219539128, 0.3794522959274957, 0.34799193539717266, 0.33046595618904256]","['욕조', '입욕', '정말', '부산역', '쌀국수']","[-0.6409491859479907, -0.6202409756477998, -0.42511472027374914, -0.40206832597034226, -0.3939675908462916]"
아스티호텔 부산역,"['시설', '위치', '깨끗', '위생', '선택']","[0.7571366793472449, 0.4955173405890011, 0.45328603548471424, 0.3707162796301715, 0.24724306673046045]","['조식', '주차', '주차장', '객실', '여행']","[-1.4763717821466, -1.3482989521144824, -0.8313720374361053, -0.7115908958535295, -0.5858946060461497]"
부산 서면 퀸스호텔,"['친절', '서비스', '인테리어', '지역', '숙식']","[0.48297454794067274, 0.2292133169371633, 0.16471004453411425, 0.16181183563111567, 0.16181183563111567]","['위치', '가격', '모텔', '전화', '여행']","[-0.9071369488266933, -0.5512148031012856, -0.4796366702477431, -0.3011191588678599, -0.3005221832582439]"
부산 서면 하운드 1번가점,"['친절', '업그레이드', '따뜻', '전화', '냄새']","[1.838795977590531, 1.2265944773509356, 0.6608262066483251, 0.5240905569127301, 0.485661252536486]","['조식', '위치', '주차장', '서비스', '친구']","[-2.311143523997436, -1.236520321314798, -1.0473908049077996, -0.9679223158931868, -0.7804375768479112]"
오션 디 그랩 송도,"['조용', '가족', '가격', '위치', '깨끗']","[0.894519161012962, 0.6603636011227846, 0.5077690060677552, 0.5036563808036527, 0.49703887617542425]","['객실', '청결', '주차장', '모기', '기분']","[-1.087553355097346, -0.9894490001293514, -0.8954904122355308, -0.8202213170407572, -0.647701366271835]"
엘리시아부띠크호텔(해운대),"['친절', '깨끗', '수건', '운영', '조식']","[0.8966721980165069, 0.42045081183776023, 0.38510269724674534, 0.3298199273363352, 0.3244988406363157]","['위치', '주차장', '방음', '소리', '화장실']","[-0.9257276558020879, -0.6398345740429832, -0.5995030426620565, -0.48975535810719867, -0.4624542639177166]"
해운대 썬클라우드 (호텔),"['시설', '가격', '노후', '친절', '직원']","[1.5716195767768684, 1.2892280379842165, 0.9552015370254797, 0.5495854623113217, 0.5251212424456215]","['해운대', '청소', '깨끗', '수건', '바닥']","[-1.432646912384458, -1.4288083177969182, -1.2743170953008578, -0.7734926039549274, -0.7198542313706228]"
오션투헤븐호텔&스파,"['직원', '화장실', '욕조', '깨끗', '베개']","[0.4124510925563978, 0.3988506360457675, 0.3009426386558714, 0.20815742045631652, 0.1970817943034716]","['맛집', '위치', '자갈치', '조건', '친절']","[-0.361388573603093, -0.3059653187191369, -0.1539763314121814, -0.15238579161173088, -0.15001891484406657]"
커넥트 부산 호텔,"['광복', '정갈', '오픈', '깨끗', '거리']","[0.3879294194051869, 0.308258553167683, 0.2965509774460729, 0.2754904084550824, 0.2413769745113949]","['위치', '직원', '크기', '자갈치', '이동']","[-0.9829268652199618, -0.31672923162079425, -0.3074631435001414, -0.30039417995212014, -0.2802877090051158]"
해운대 영무파라드호텔,"['애견', '사진', '바다', '친구', '해운대']","[0.40523753693226156, 0.390563294320708, 0.36859058063721317, 0.36589848608965725, 0.35319507251710536]","['직원', '친절', '주차장', '주차', '반려']","[-0.38472014366445123, -0.2921161440963652, -0.28570049823729793, -0.28402080887072373, -0.26474302537932726]"
해비치 호텔 & 리조트,"['신혼여행', '제가', '객실', '음식', '침대']","[0.45084863421352755, 0.34302086566043644, 0.3023924653926006, 0.2904367464385773, 0.27218992940410525]","['컨디션', '시설', '가격', '겨울', '아기']","[-0.4930755502999539, -0.46393649614201526, -0.43988231310120535, -0.43091586373886276, -0.41634594628661364]"
숙박대전 에이본 호텔 군산,"['시설', '청결', '이불', '샤워', '적당']","[0.8473383630670525, 0.39046428733645244, 0.32407149302983485, 0.2760364135409811, 0.26399343678865284]","['위치', '냄새', '가격', '저렴', '청소']","[-1.3162001376532988, -0.6097296179565882, -0.5472826618299901, -0.5104566571827394, -0.4445110042920896]"
베니키아 중문 호텔,"['시설', '친절', '깨끗', '청결', '화장실']","[0.7501231856787762, 0.6306812159923413, 0.5789757340678209, 0.38506409760188154, 0.2513318892853715]","['가격', '조식', '위치', '주차', '냄새']","[-1.241585905855991, -0.9947491564750502, -0.8476848328824593, -0.2754084103723366, -0.27531511120093427]"
제주 골드원 호텔 스위트,"['직원', '만점', '아이들', '치킨', '야외']","[0.6274549990215724, 0.3077793909482312, 0.2618698906236859, 0.22337923695541964, 0.21143018811657757]","['바다', '욕조', '조식', '객실', '위치']","[-0.5316695450966307, -0.49427428408511365, -0.41943077412658325, -0.3044563176102305, -0.29765450380475494]"
호텔 토스카나,"['수영장', '공사', '바우', '코로나', '객실']","[0.9828499782773042, 0.6809405369658189, 0.5634923400334068, 0.5011400734406746, 0.49862397402705494]","['온수', '조식', '직원', '위치', '저녁']","[-1.122861955895898, -1.0286283721254255, -0.871222892623898, -0.6480972248092838, -0.6271944151404406]"
웨스틴 조선 호텔 부산,"['맑은 고딕', '처음', '동백섬', '산책', '저렴']","[1.9624568414002372, 1.6384032085821527, 1.6380720782589053, 1.4614391758848082, 1.3052307088253452]","['위치', '가격', '음식', '소리', '추가']","[-4.07369212160877, -3.9943832940378896, -3.91526140903513, -2.3349669775518365, -2.3320587133991237]"
베스트 루이스 해밀턴 호텔 서부산점,"['아무것', '시설', '벌레', '배달', '와인']","[0.21906523941463393, 0.1911813495561594, 0.18309925975969127, 0.17529696670762301, 0.16424446464935658]","['위치', '스위치', '머리카락', '중요', '글자']","[-0.6679302884792866, -0.38151598946532717, -0.287893163270764, -0.2676619766415422, -0.25434399297688465]"
신라스테이 서부산,"['깨끗', '수영장', '사람', '가보세', '분실']","[1.1226182039142996, 1.0722540965838767, 0.3778656131144308, 0.3073034851269437, 0.2783982925721213]","['컨디션', '조식', '가능', '운영', '욕조']","[-0.8401649024973359, -0.7259520627601314, -0.6278018823815601, -0.6229541521927328, -0.6060303572911835]"
속초 호텔아마란스,"['속초', '시설', '여행', '모텔', '아마란스']","[1.0882925645230723, 0.5738691576902033, 0.5462282784341693, 0.444903062500729, 0.3951885607363277]","['위치', '객실', '화장실', '설악산', '청결']","[-1.0805034129513176, -0.6660091199529922, -0.6389459790778419, -0.5472434122342925, -0.4734465123937256]"
속초 컨피네스 비치 호텔,"['사용', '해수욕장', '깨끗', '속초', '신축']","[0.4301379937828193, 0.37416186821696423, 0.32662420159204075, 0.27650637186008264, 0.22686944679415513]","['객실', '청결', '청소', '샴푸', '특가']","[-0.550670331137869, -0.3789593295241702, -0.36687981434067934, -0.3067242763642839, -0.30630928377085104]"
하운드 호텔 프리미어 남포,"['남포동', '시설', '컨디션', '와이프', '마을']","[0.3532846759111709, 0.321849281730574, 0.2781358232178949, 0.2234452300291291, 0.21882265263792205]","['친절', '위치', '화장실', '여행', '시장']","[-0.5760733635397421, -0.5047315510949788, -0.4428904302820943, -0.4298698703940753, -0.36235475592686167]"
노떼 라 미아,"['시설', '편안', '업그레이드', '청결', '직원']","[0.7510463280716017, 0.5503315280843506, 0.5452406618233484, 0.4314151845799271, 0.40076604719917114]","['부산역', '화장실', '가격', '깨끗', '위치']","[-0.9258344302824283, -0.7714644145138226, -0.5724483968447106, -0.5491951488338382, -0.462637573582928]"
파인리즈 리조트,"['깨끗', '가족', '경관', '골프', '위치']","[0.3383646752868911, 0.267617061996529, 0.22980032061567646, 0.20251749424342516, 0.169568371550492]","['깔끔', '시설', '골프장', '찜질방', '기간']","[-0.27174350564698413, -0.24230254977924223, -0.2048085548023907, -0.19430645410737757, -0.15972104686818295]"
구미 봉곡동 hotel 컨티뉴,"['제일', '청결', '서비스', '중앙', '업그레이드']","[0.10475516603634273, 0.10313810939659487, 0.08339743357665408, 0.07937745666601859, 0.07584156147313154]","['깨끗', '깔끔', '시설', '가격', '요구']","[-0.27541006147948616, -0.23817161585241792, -0.1713052507658827, -0.13150203423922627, -0.10592212860314383]"
머큐어 앰배서더 서울 홍대,"['제일', '이예', '깨끗', '객실', '시설']","[0.6499904535012635, 0.5080617709032319, 0.36664687387879447, 0.3647203488454569, 0.3571839038611481]","['깔끔', '직원', '친절', '컨디션', '위치']","[-0.79003885168438, -0.7482338336400732, -0.7159548187007511, -0.522789693400365, -0.520294252653901]"
시흥 세븐스텝호텔,"['정말', '깔끔', '친절', '보일러', '사진']","[0.3685369878570628, 0.19632575808076916, 0.17811247775775316, 0.15746370978378058, 0.15070746977709965]","['침구', '깨끗', '모델링', '배달', '음식']","[-0.40349874739463826, -0.36277013384910617, -0.19167330364519164, -0.18780911598186167, -0.1868476812968182]"
인천 부평 호텔 세븐스텝,"['깨끗', '부평', '친절', '안녕하세요', '냄새']","[0.4023274682682093, 0.2520624571060994, 0.22829958561424715, 0.22775089612117475, 0.191835119536691]","['신축', '사진', '인테리어', '건물', '객실']","[-0.33709743496262107, -0.3276439797177626, -0.25563123614865374, -0.2196926391250719, -0.21726752369174854]"
메르씨엘 호텔,"['해운대', '데스크', '프론트', '냉장고', '컨디션']","[0.4349341218547091, 0.2635406812203151, 0.21007363756562644, 0.20262416923297713, 0.18341142546495984]","['위치', '침대', '에어컨', '화장실', '시설']","[-0.5073642125934296, -0.41648696657865275, -0.3884018506528009, -0.34915639169538487, -0.2884142417765738]"
창원 명서동 호텔 스카이,"['가격', '시설', '연결', '커플', '장거리']","[0.2951916512299356, 0.20835708331090416, 0.14725921042651893, 0.13889239712673823, 0.13889239712673823]","['연방', '저렴', '건물', '청결', '평범']","[-0.25616817363252786, -0.17453904538524434, -0.1653868203615075, -0.15939888246285006, -0.15539944019501956]"
센트럴파크 호텔 부산,"['가격', '깨끗', '깔끔', '공원', '신축']","[1.8817911847549071, 0.6008802467438218, 0.5967791482847338, 0.37902879875225204, 0.32814698660539277]","['위치', '친절', '주차장', '조식', '주차']","[-0.6575188361689583, -0.6484712563154763, -0.5499460473483625, -0.5291003493887287, -0.5261414497918842]"
평택 브라운도트 평택역점,"['수구', '구규', '기계', '오픈', '식염수']","[0.3004845650032636, 0.3004845650032636, 0.1852602108781863, 0.13174976095599958, 0.09681113639394266]","['객실', '스타일', '침대', '주차', '냄새']","[-0.48629958289642633, -0.3360214019398966, -0.31917060207476977, -0.211602962910221, -0.19837339142024285]"
티트리호텔,"['무료', '쾌적', '사당역', '제일', '모텔']","[0.2682768146816587, 0.24254489199437965, 0.23669616878618938, 0.14558304673858524, 0.14047654911085164]","['깔끔', '친절', '컨디션', '화장실', '시설']","[-0.41023721107993055, -0.22365948143572345, -0.19429399965190464, -0.18845207616476964, -0.17845080966047283]"
부산 범천동 하운드 서면 범천,"['주차', '하고', '업그레이드', '따듯', '신경']","[0.9025918656403183, 0.570555102113768, 0.474366336214483, 0.4716718021684663, 0.4535079080047608]","['친절', '조식', '화장실', '직원', '침구']","[-1.0479641326545241, -0.9774207122984309, -0.7778211726665197, -0.7429984350431472, -0.6575740792340671]"
헨나호텔 서울명동,"['스피커', '블루투스', '창문', '미니', '건너편']","[0.3969275684239969, 0.3969275684239969, 0.28437223344313867, 0.2693551132529687, 0.22350329576346764]","['가격', '청소', '공룡', '쾌적', '로봇']","[-0.47502150750453137, -0.43802875251384626, -0.43678494482683555, -0.405866016977699, -0.38014328414762716]"
호텔 앨리스 앤 트렁크,"['깨끗', '기분', '공유', '마트', '고급']","[0.34969198255976364, 0.3330765397458009, 0.26206276905905657, 0.21816721824381838, 0.1943804756271034]","['위치', '가격', '공항', '요청', '침구']","[-0.5563298597259729, -0.4838570060607686, -0.4140960078825282, -0.4000539801716803, -0.3880821797906631]"
호텔 레오 제주,"['스타일', '깔끔', '청결', '시설', '가능']","[0.9422544564706381, 0.6982722434118053, 0.6943165585184422, 0.6884063489850495, 0.5814350248053576]","['루프', '친절', '근접', '직원', '제주도']","[-1.7689260872204178, -1.6886330831386842, -1.1753555525014214, -1.0519518909153438, -0.7476208273906036]"
호텔 에어시티 제주,"['가족', '먼지', '온돌방', '온돌', '주차장']","[0.4565121969146396, 0.36849762780662304, 0.33408949704500235, 0.3266911084936827, 0.30868491903199713]","['객실', '조식', '직원', '야경', '고장']","[-0.5458771323635256, -0.5094701606214312, -0.4346706950338093, -0.3718344356733407, -0.3505361339517822]"
코델리아s 호텔 앤 리조트,"['객실', '청결', '별관', '프론트', '수영장']","[0.7367295295519507, 0.46664282915611116, 0.34312215120272144, 0.30912018793290463, 0.3014310956456327]","['냄새', '시설', '직원', '침대', '족욕']","[-0.5917356457014199, -0.4136460666916827, -0.3808846447759694, -0.3772128756540881, -0.3631070266729368]"
힐튼 가든인 서울 강남,"['수영장', '객실', '루프', '주차', '기회']","[0.6563149515456529, 0.3732356217318341, 0.3520034552219365, 0.2901510918756608, 0.24109381548358283]","['조식', '가격', '깨끗', '카페', '아침']","[-0.45447962766985905, -0.30530812414414, -0.2965600672723493, -0.2658635236831899, -0.2580750160966964]"
종로 pop2,"['깔끔', '냄새', '넷플릭스', '시설', '깨끗']","[0.896749173531684, 0.5199467145082042, 0.4877529745874417, 0.4494356167710076, 0.43724461111221175]","['미안', '청결', '욕실', '침대', '바닥']","[-0.9462778343561006, -0.30281313193456355, -0.24386565513576053, -0.2066879000090542, -0.19469029117589132]"
호텔 엘렌 제주,"['주차장', '연동', '우수', '따뜻', '냄새']","[0.42661205402399144, 0.292185889085821, 0.2540048893373447, 0.17527994294576707, 0.1664432485018183]","['깨끗', '친절', '객실', '청소', '소음']","[-0.6301628036684965, -0.24414755549821623, -0.23013761543690675, -0.22879557989568758, -0.21503291156106863]"
부산 사상 소르젠떼 비지니스 호텔,"['깔끔', '친절', '깨끗', '청결', '시설']","[0.6513156322411328, 0.5414999947754588, 0.3966070027962654, 0.31588417811042346, 0.264484259314897]","['조식', '침대', '여행', '무난', '위치']","[-1.2032152220992556, -0.44374126749024595, -0.383943316657122, -0.3613649695734252, -0.3380624613412721]"
고흥 썬밸리 리조트,"['객실', '경치', '깨끗', '침대', '건물']","[0.31622399596621387, 0.30377729106650037, 0.2578987359481975, 0.2552102471124968, 0.22435350594090547]","['방조제', '고흥', '깔끔', '가능', '위생']","[-0.43477908199425136, -0.415171738992776, -0.33533982431357334, -0.2856619359537263, -0.26430092460144755]"
돔베리조트,"['깔끔', '사용', '올레길', '사진', '아침']","[0.15642713635948868, 0.1562424917750054, 0.1446684459428716, 0.13982818714680986, 0.13879325004972334]","['객실', '취사도구', '미비', '밤섬', '정보']","[-0.1854484874436772, -0.16983742479582775, -0.16037570383569444, -0.16037570383569444, -0.16037570383569444]"
완주 보헤미안 드라이브인 무인호텔,"['맥주', '음료', '생수', '컵라면', '안주']","[0.44264569100823614, 0.3657647712365495, 0.31470047216171587, 0.2880420687673843, 0.25481497633133493]","['시설', '깨끗', '가격', '깔끔', '여행']","[-0.4745502732356566, -0.3391806143840029, -0.22811936685799156, -0.21774592597073922, -0.20449145566753293]"
부산 광안리 스튜디오202,"['진짜진짜', '신축', '와인', '친절', '충분']","[0.15245853484219493, 0.12334742737850446, 0.12115798479856389, 0.09058471774014258, 0.08891007512103583]","['방음', '주차', '번호', '깨끗', '편의']","[-0.22714717705670157, -0.218116355807249, -0.17801818644167708, -0.15647866409748384, -0.13234198794493213]"
부산 서면 넘버25 서면역점,"['깨끗', '객실', '화장실', '넷플릭스', '시설']","[0.9783803137503361, 0.6852195883843909, 0.6433823175599506, 0.6247823739126693, 0.5568236168607026]","['가게', '현금', '모텔', '직원', '시장']","[-0.6484992863931514, -0.6480141297735732, -0.5769227299816466, -0.5577354006221781, -0.5553069668671146]"
라비드아틀란 해운대(호텔),"['친절', '직원', '클럽', '소리', '바다']","[0.5808512054718377, 0.46581626744267846, 0.4373462359853647, 0.42858813017659003, 0.42346247632556133]","['엘리베이터', '위치', '주차', '제가', '처음']","[-0.7218783169038437, -0.612235074049422, -0.5875170351860697, -0.5232682318359745, -0.4524918445982379]"
곤지암리조트,"['여행', '아기', '노블', '가족', '바탕']","[2.780503786692355, 1.620919359789228, 1.348929137371571, 1.3194218652991392, 1.1817610075640264]","['곤지암', '한양', '친절', '시설', '깔끔']","[-3.4978254533650976, -2.4884995902080966, -1.882096963369722, -1.8404775878120543, -1.771731208380884]"
해운대 씨클라우드 호텔 앤 레지던스(호텔),"['청소', '수영장', '여행', '위생', '상쾌']","[0.8177192886057949, 0.5223936159857685, 0.49524755468046017, 0.46783956622368633, 0.44934524160592837]","['엘리베이터', '침대', '바다', '접근성', '기대']","[-0.7907829536738613, -0.5689243632725915, -0.3869416818773, -0.3060059308088873, -0.29253924770348616]"
천안 넘버25 천안역점,"['관리', '금연', '기가', '가격', '절하']","[0.25884349133978346, 0.24893067607735134, 0.2207597545653956, 0.2204239402402801, 0.218346586292693]","['화장실', '넷플릭스', '청소', '시설', '에어컨']","[-0.3991529321476016, -0.3860854824930264, -0.3754809056497758, -0.37041738875616403, -0.32145810011752235]"
공주 반디 호텔,"['친절', '깔끔', '객실', '청결', '동학사']","[0.5734909905829166, 0.5701508862591665, 0.4549281390629778, 0.2381544507173517, 0.21740830800678773]","['정말', '연결', '페이', '컴퓨터', '시설']","[-0.6090384231477377, -0.31577679265008957, -0.31526383838565053, -0.3072812444131992, -0.29673629381615435]"
켄싱턴리조트 경주,"['조식', '객실', '화장실', '청소', '바닥']","[1.8660249739270443, 1.3846293058434318, 1.285824382761952, 1.116758467215154, 1.0938392824120586]","['가족', '침대', '난방', '숙박', '위치']","[-3.4580281404467663, -1.9144999741444244, -1.7288454402930258, -1.564632028657725, -1.5199903713545235]"
제주 일레인 호텔,"['친절', '일레인', '샤워기', '깨끗', '바닥']","[1.0963461040058335, 0.6893964942701652, 0.5447041729379237, 0.501385994921298, 0.43314429416276923]","['가격', '위치', '깔끔', '음식점', '조용']","[-0.5930771703523985, -0.5902836105513304, -0.37226259539228346, -0.25792819368755926, -0.24847061081270377]"
호텔 아르누보 서초,"['친절', '체크아웃', '깨끗', '시설', '가운']","[0.5945510832417811, 0.5280272569916905, 0.48532358926424674, 0.4744824030611271, 0.4240314625060604]","['가능', '위치', '가격', '인테리어', '저렴']","[-0.7245639576024583, -0.6041200832012825, -0.5030099150616645, -0.4420947617866291, -0.4281644259297024]"
중문 리조트,"['취소', '가격', '조용', '공간', '단체']","[1.0089089233357917, 0.49643533388749345, 0.4490664026779219, 0.35169287927277243, 0.34073116287642957]","['중문', '성공', '행동', '부부', '사람']","[-1.006896962419447, -0.8472073022512064, -0.5648048681674704, -0.548294391432429, -0.4160072412622358]"
대전 유성 비앤비,"['편안', '가격', '깔끔', '시설', '사용']","[0.5156889229861343, 0.36912587384796386, 0.23733355528144817, 0.21250073138190256, 0.18736568054406574]","['청소', '냄새', '아침', '침대', '구두']","[-0.26430001772525225, -0.21632646314856926, -0.1976518724577257, -0.15870367227859608, -0.15482233932624692]"
김해 7모텔,"['소독', '저렴', '친절', '활성', '적당']","[0.24274296025680234, 0.19117121612745466, 0.1836423492196452, 0.17226372092566383, 0.16457878370676532]","['조용', '시설', '사업', '번창', '수고']","[-0.5691300039612612, -0.3402697917242741, -0.3158324318999293, -0.28367616294154896, -0.27907957877596146]"
켄싱턴리조트 서귀포,"['시설', '저렴', '노후', '강정', '창문']","[2.3046088752867497, 1.939231150587885, 1.7042332968506544, 1.5032863014661522, 0.8084986758351834]","['제주도', '깨끗', '여행', '객실', '모델링']","[-1.9189945532438224, -1.6758503288653437, -1.5474170610701934, -1.4471632333936428, -1.2610650882929473]"
엘리시안 강촌,"['친절', '아이들', '시설', '금요일', '컨디션']","[0.40205827191602894, 0.3620384237994754, 0.2877213969590726, 0.2647358180128131, 0.24284069673776648]","['위치', '부대시설', '엄마', '20년', '통화']","[-0.3664826170830318, -0.2769565524982022, -0.24089583578631238, -0.20373660777646893, -0.1910686481385046]"
스타즈 호텔 울산,"['깔끔', '야경', '이마트', '내부', '자체']","[1.4462422474220635, 0.7516174955286272, 0.6705257833804128, 0.6506346752562436, 0.6040753812426071]","['조식', '깨끗', '편안', '시설', '가격']","[-1.4670521867629764, -1.2639590558977234, -1.1756482332267624, -1.0798710079877092, -0.9663637490699861]"
어반노드,"['깔끔', '수압', '모델링', '따뜻', '침대']","[1.2533906835113675, 0.5998483459969023, 0.32976774901382844, 0.2699955904303725, 0.24625751402116813]","['오오', '조용', '번화가', '비누', '한편']","[-1.0839389697431936, -0.5426227090336982, -0.26575513436894693, -0.22916013564026713, -0.19690443288530352]"
켄싱턴리조트 지리산남원,"['시설', '조식', '모델링', '수영장', '노후']","[1.3486838185862713, 1.3227252815075092, 0.8174419875797813, 0.7793304967963115, 0.7022478104373512]","['남원', '직원', '친절', '위치', '시내']","[-2.1497796949173837, -1.7422322052242316, -1.2462706485958472, -1.2180518582122608, -0.8936722215711731]"
한화리조트 경주,"['깨끗', '에토', '시설', '신관', '아이들']","[1.7627227794919023, 1.588703859747241, 1.5809554848948568, 1.40195186087941, 1.246214887724153]","['가격', '객실', '부대시설', '극성', '수기']","[-3.3786657137478193, -2.09491805273092, -1.28235504730656, -1.1965473709676409, -1.1965473709676409]"
바비엥 스위트 ii,"['서비스', '시설', '깨끗', '따뜻', '편안']","[0.8877349693636558, 0.7153382896197257, 0.559179359974514, 0.532994244268604, 0.3914123155641846]","['화장실', '딱딱', '주방', '침구', '장점']","[-0.7864557293817911, -0.7844233089162942, -0.49691437873114663, -0.4696701320075729, -0.44970406256173945]"
강남아르누보씨티 호텔,"['청결', '해주', '아침', '서비스', '친절']","[0.5124273914567664, 0.40969254542862527, 0.3366222444234338, 0.2833146639651193, 0.2612524494706193]","['위치', '냄새', '가격', '먼지', '음식']","[-0.9000635740671995, -0.502895609846595, -0.4111306009694062, -0.3790768142486659, -0.3234870062669072]"
헤븐마크in속초,"['엘리베이터', '세탁기', '건조기', '해수욕장', '숙박']","[0.1756068171300949, 0.15399867005852486, 0.1475809736596693, 0.14713702416266108, 0.1458390321888065]","['먼지', '청소', '사진', '신축', '깨끗']","[-0.3535502118308163, -0.2894318959250851, -0.2601004906360164, -0.25165698486239607, -0.24202242570699004]"
어반스테이 속초등대,"['속초', '거리', '깔끔', '따뜻', '가격']","[0.468507804687064, 0.45801278604835416, 0.36416816350805636, 0.34984664568877055, 0.2774234145609992]","['위치', '깨끗', '청결', '숙박', '청소']","[-0.6727949859945361, -0.6314816656762585, -0.436351836791449, -0.42827204496013715, -0.42704721456992]"
어반스테이 속초해변,"['가족', '객실', '여행', '방음', '복도']","[0.267355488273598, 0.20139679351970904, 0.18417721862474395, 0.17306595936375777, 0.15189804229208956]","['깔끔', '속초', '바다', '가능', '가격']","[-0.5132695071233273, -0.36564934116915987, -0.2844200142429593, -0.2035361254276426, -0.14552548046229333]"
월드스카이 레지던스 호텔,"['코로나', '비대', '숙박', '성수기', '깔끔']","[0.31812174864973364, 0.27365685150457664, 0.2671692153822184, 0.24236410094262922, 0.2324201160686397]","['먼지', '가격', '위치', '침대', '깨끗']","[-0.7646055058819948, -0.7566986023871838, -0.6653454518956041, -0.642045783028866, -0.4575379175547334]"
속초 호텔 더 블루테라,"['여행', '깨끗', '가족', '업체', '맛집']","[0.8030203327515976, 0.716339438726881, 0.4592771801331559, 0.4209274446947719, 0.33616972170773146]","['객실', '주차장', '직원', '체크아웃', '가능']","[-0.7639563392672993, -0.4722907085709201, -0.3776388929727246, -0.3544049411234877, -0.3359204917286286]"
켄싱턴호텔 평창,"['깨끗', '시설', '신경', '깔끔', '부페']","[2.8011250114358823, 2.681101923622105, 1.6643294035209162, 1.3623558817065262, 1.2977634397115931]","['가격', '가족', '위치', '힐링', '부대시설']","[-6.071224923892422, -3.8775670466941996, -3.2436730426662295, -1.6609758545448219, -1.5986114241833056]"
켄싱턴리조트 설악비치,"['바다', '거실', '수압', '아이들', '라비']","[2.2732549651476064, 1.4130677584576243, 1.3700691923710557, 1.2927194933682609, 1.1744340291760103]","['전망', '속초', '깔끔', '설악', '여행']","[-3.132949551493846, -2.7289843680376755, -2.145342658457494, -2.0732962490060634, -1.6952391726339724]"
켄싱턴리조트 설악밸리,"['가족', '여행', '편안', '동반', '위생']","[0.9105557874317123, 0.8973742798768158, 0.369603871172158, 0.30116937761494667, 0.22803366230709757]","['조식', '화장실', '객실', '냄새', '시설']","[-0.7797506852566974, -0.6532784236886914, -0.5411148926845434, -0.4087293525231242, -0.38317099892584805]"
켄싱턴리조트 가평,"['패키지', '조용', '청소', '깨끗', '산책']","[1.381783854798143, 1.104985360661931, 1.0822959857274521, 1.0734543291730687, 1.0046767209326983]","['친절', '기내', '정시운', '수영장', '서비스']","[-2.3855758148575577, -2.3509352336443903, -2.3509352336443903, -1.3646274621569414, -1.2805384576616274]"
켄싱턴리조트 충주,"['마법', '운동장', '기대', '아이들', '학교']","[0.9013684776693038, 0.88269468015697, 0.79689397064195, 0.7967033379113759, 0.7638231009365668]","['바탕', '온천', '탄산', '여행', '아침']","[-2.8420030291900904, -1.6222237514226479, -0.9989616435699051, -0.9572522107751638, -0.8851062024122988]"
켄싱턴리조트 제주한림,"['친절', '조식', '직원', '냄새', '무료']","[1.1914485915579753, 1.0378580401184416, 1.000480273641428, 0.8671717974758827, 0.4534032876666382]","['한림', '객실', '조용', '공사', '가격']","[-2.1741658702760245, -0.6327594820504822, -0.5764329084993054, -0.566252253101997, -0.5660355363477717]"
켄싱턴리조트 제주중문,"['여행', '가족', '깔끔', '직원', '중문']","[0.5230284687000688, 0.3845057353117491, 0.3420284499229976, 0.3386981792870055, 0.2944527384682504]","['바다', '냄새', '연락', '응대', '소독약']","[-0.35460416797950983, -0.24961040220635333, -0.22330150668645576, -0.22230586773047217, -0.21056327382203466]"
소노벨 경주,"['노벨', '여행', '대명', '저렴', '코로나']","[1.481016864087745, 0.8557972282159242, 0.689018328424331, 0.6872225578750162, 0.6450048625464173]","['전망', '매우', '요금', '추가', '지하']","[-1.81415996755352, -1.3324088014050375, -0.9825743297281223, -0.7140738651580069, -0.6533367675373398]"
용평 리조트 평창,"['가족', '온도', '깔끔', '비수', '기분']","[0.508412381126708, 0.3646969087688958, 0.35580021486348024, 0.2918095230512102, 0.2808718435100046]","['시설', '시원', '객실', '쾌적', '침구']","[-0.3271500882768346, -0.31275877456482426, -0.29064574730121034, -0.2761640257122489, -0.2582901149930114]"
켄싱턴리조트 지리산하동,"['쌍계사', '여행', '조식', '청결', '오픈']","[1.5335371881664004, 1.1032178394095744, 0.9231464165268387, 0.8638811859173853, 0.8380769036972295]","['가격', '위치', '직원', '아침', '부모']","[-1.95292340451453, -1.4563089585399402, -1.3370521823095465, -1.3321235797953364, -1.0381977718992972]"
호텔 스카이파크 명동 1호점,"['시설', '위치', '애용', '건조', '배달']","[0.8730683377313961, 0.7556745875721751, 0.5370164340830512, 0.46359968400089135, 0.4634070446516183]","['조식', '창문', '제공', '친절', '깨끗']","[-1.7013994839943278, -0.9126284267907094, -0.6804130268803796, -0.6239835431127437, -0.6152849974403781]"
호텔 상상,"['주차장', '깨끗', '평일', '상상', '정말']","[0.3535943275623509, 0.30544926289981317, 0.21987090740643805, 0.21285237446925168, 0.19595281897771866]","['소리', '바닥', '욕조', '따뜻', '가족']","[-0.40232291010780824, -0.3916139624508436, -0.3576185760455634, -0.27873534597334026, -0.2204294485589329]"
썬 앤 문 리조트,"['시설', '사진', '친절', '제주도', '제공']","[0.6185417366693431, 0.388444471865612, 0.3150956327164987, 0.2571135469029813, 0.19453686502396553]","['위치', '사계', '조식', '해변', '산방산']","[-0.7961020690218791, -0.6357348833063791, -0.5038062449112014, -0.4724258427820213, -0.3868722338313473]"
더 그랜드 섬오름,"['직원', '친절', '깔끔', '사진', '해변']","[1.5330344379269396, 1.5091057305862883, 1.1559657846359122, 0.7803609585408853, 0.5842244703283689]","['위치', '수영장', '사우나', '가격', '오름']","[-2.6097358739866587, -1.880828019337876, -1.7485869403723113, -1.626785256332883, -1.577512524245003]"
호텔 스카이파크 제주 1호점,"['하루', '조용', '가족', '장점', '비행기']","[0.3600198347624706, 0.3547911840345344, 0.3512265735125054, 0.25895054149382984, 0.24307506130355835]","['한라산', '조식', '시내', '위치', '침대']","[-0.8762340227248918, -0.5897597386869674, -0.50436308461371, -0.4860167762609861, -0.3932474323908303]"
쏘타컬렉션 더 여수,"['건물', '오피스텔', '당연', '여수', '거리']","[0.36009556099252005, 0.33846746249064863, 0.22914895563404206, 0.2290946908126026, 0.20742969450269713]","['깨끗', '주차', '깔끔', '편의점', '여행']","[-0.6081488449643493, -0.3871913458103111, -0.34185530263729647, -0.24884015740096035, -0.23201069366482638]"
호텔스카이파크 킹스타운 동대문,"['엘리베이터', '깔끔', '편의점', '입구', '적극']","[0.5676494941003702, 0.35100558873106363, 0.34928623835770917, 0.34071119542357514, 0.3212680449787548]","['조식', '위치', '친절', '주차', '출입구']","[-0.9756742364518474, -0.8148288236316916, -0.708780788809529, -0.5226218908674256, -0.45144673808930524]"
호텔 스카이파크 대전 1호점,"['깔끔', '웨딩', '깨끗', '제일', '와인']","[0.4528191629469002, 0.3456894260393212, 0.3413877454312212, 0.2921786870980593, 0.2552695379730673]","['조식', '위치', '아침', '서비스', '객실']","[-1.3686070229817946, -0.7634342069823615, -0.7602273445862784, -0.6357516389761515, -0.5701408828075082]"
나비 호스텔 홍대,"['깨끗', '호스텔', '조식', '최근', '데스크']","[0.5290038394693618, 0.4527909612837147, 0.1987110217498559, 0.18859354960333852, 0.18859354960333852]","['소리', '베개', '창문', '수건', '제공']","[-0.18876321108890493, -0.15093540753241358, -0.1396671479040656, -0.12615634437868053, -0.12606395341871685]"
엘시티 레지던스 와이컬렉션,"['장인', '장모', '소원', '내용', '버틀러']","[0.16335688174505833, 0.16335688174505833, 0.16244972911812627, 0.15956465586918633, 0.13022895936258214]","['머리카락', '위치', '서비스', '추가', '시설']","[-0.2179483211855234, -0.21548447307271115, -0.20897784745983317, -0.20276492133609306, -0.1939886015690913]"
라까사 호텔 서울,"['인테리어', '깔끔', '제일', '가로수길', '오디오']","[0.7931570787190335, 0.47268527811089406, 0.29902107810519885, 0.285594104189972, 0.2804088076891463]","['직원', '드라이', '화장실', '소리', '관리']","[-0.6456535381264961, -0.5036617322823569, -0.4908285867925856, -0.38035209423897853, -0.3433672374594578]"
한화리조트 해운대,"['친절', '직원', '시설', '저렴', '객실']","[1.174558509565641, 1.0359399526813078, 0.8813311453025531, 0.5455149971194633, 0.5233958128390183]","['여행', '편안', '위치', '건물', '침구']","[-0.9630334409731208, -0.8331355106937952, -0.7087750804143469, -0.6296000273851914, -0.5065304259671122]"
베스트루이스해밀턴호텔 오션테라스,"['객실', '수영장', '친절', '오픈', '깔끔']","[0.2376861957940201, 0.21104094552212518, 0.20535758572504823, 0.1804433645869726, 0.17494346450700354]","['사람', '파티', '추첨', '금액', '주차']","[-0.38657906153802746, -0.3244381248913875, -0.20274555987661144, -0.1709377763286848, -0.16406266512760193]"
고성 오아시스호텔,"['조식', '여행', '객실', '취사도구', '온도']","[0.20512269361094967, 0.1848915413549789, 0.16636489992042086, 0.1648247236060791, 0.1558047249179798]","['청결', '이동', '조리', '무난', '빈약']","[-0.4517780291733625, -0.21681466448575762, -0.21642907018863838, -0.20901756118244175, -0.20901756118244175]"
강릉 라피네 호텔,"['숙박업소', '시스템', '상급', '머리카락', '개인']","[0.11971509200129019, 0.10307520149488322, 0.09854389818327867, 0.08571378634156196, 0.08241183993076379]","['깔끔', '사진', '깨끗', '직원', '편안']","[-0.18602519126770012, -0.14704331349499683, -0.1413532223887788, -0.13282787328010906, -0.12640826499070312]"
남포 스테이웰 호텔,"['주차', '기대', '차량', '대중교통', '요금']","[0.8738929061161459, 0.35599573009851276, 0.30654341572855826, 0.24241785220226422, 0.22079300181837308]","['직원', '친절', '가격', '소음', '먼지']","[-0.31439102083943704, -0.29799773880361785, -0.2227415010335815, -0.21968695860206874, -0.1963301451078388]"
춘천아이관광호텔,"['방명록', '커비', '소음', '객실', '완벽']","[0.2693431471440347, 0.17713804240901923, 0.1662155175233113, 0.1637744683544715, 0.15800785139681456]","['친절', '가격', '청결', '주차', '춘천']","[-0.6325712398974006, -0.4037420257385438, -0.3164941738262228, -0.24860821301127428, -0.22971933134202688]"
씨사이드관광호텔,"['위생', '상태도', '조식', '머리카락', '바다']","[0.23842457571064413, 0.23541512041553367, 0.14513072383505238, 0.14513072383505238, 0.13222883220194584]","['친절', '소리', '사람', '거리', '덕분']","[-0.21103281807910898, -0.19794147966132938, -0.15305158183681414, -0.1506448674572663, -0.1506448674572663]"
어반스테이 여수웅천,"['식기', '에어컨', '조용', '냄새', '만점']","[0.22126969439466915, 0.20274524476530636, 0.19845508644717183, 0.19147145391341075, 0.18600102738077703]","['여수', '가족', '침대', '이불', '여행']","[-0.46811971680160064, -0.2742278580300223, -0.2682876319868948, -0.2386535048944823, -0.2283629922807283]"
포포인츠 바이 쉐라톤 조선 서울역,"['편안', '서비스', '친절', '뚝배기', '무난']","[3.5091887457950373, 2.5395634130971443, 2.35754320548553, 2.2674392851812226, 2.209544768683145]","['위치', '숙박', '깔끔', '시설', '이동']","[-6.967576753058591, -2.9192988803867443, -2.3885246079076903, -2.2431113624635737, -2.0026454376361302]"
거제 솔스파펜션,"['아늑', '해결', '기회', '전기', '감탄']","[0.21128958864375638, 0.1755014585390069, 0.1755014585390069, 0.17474696260148675, 0.17414621474397093]","['전망', '아기', '고민', '기분', '벌레']","[-0.2612692567033669, -0.2048606384159457, -0.18101207352425808, -0.17677130684149517, -0.17078352425842883]"
SR 호텔  사당,"['사당', '시설', '친절', '소리', '깔끔']","[1.9431050010331106, 1.5610415766152363, 1.3464273619508884, 0.9064738343729948, 0.8659759508443294]","['위치', '객실', '편안', '지하', '기분']","[-2.5695255799072383, -2.076211145821213, -1.3559724006988876, -1.0785639517304593, -1.0730110792837582]"
씨엘오션호텔,"['오픈', '업그레이드', '신축', '따뜻', '번창']","[0.4030589025122086, 0.3652938314450481, 0.3190614582397642, 0.24864026790670582, 0.24551335022810702]","['조식', '컨디션', '위치', '가격', '저렴']","[-0.9380538736396824, -0.3630022009790396, -0.3273503081337436, -0.27752579441097475, -0.2652044196093957]"
방어진 그랜드젬 호텔,"['모델링', '토스트', '프론트', '포장', '크기']","[0.19395382217900872, 0.1435719634648156, 0.13755375525865818, 0.09015518922262827, 0.08909406152697076]","['주차', '편안', '따뜻', '시설', '깨끗']","[-0.3497895009628306, -0.30651563428452266, -0.27613665975013035, -0.21572896799570454, -0.15730554979457148]"
시타딘커넥트호텔 하리 부산,"['신축', '주차', '오후', '소음', '깨끗']","[0.55756034428073, 0.29816215144450253, 0.270748132643329, 0.18958092994405987, 0.18264059777176983]","['추가', '덕분', '뷰로', '추억', '상세']","[-0.4199588928497356, -0.3164299113988068, -0.3137598162696526, -0.28894897931076874, -0.27386162374020634]"
청초호베스트호텔,"['친절', '건물', '테이블', '전반', '프론트']","[0.3781903309388929, 0.275248706395706, 0.1998606183765153, 0.17768326890650785, 0.17655577646464976]","['시설', '욕실', '청소', '욕조', '죄송']","[-0.36234942660015396, -0.31346439026517764, -0.30626640160634044, -0.30140670671652275, -0.28028753355942143]"
부산시티호텔,"['오픈', '조명', '특가', '신규', '쿠폰']","[0.38746120849686133, 0.29203411376197735, 0.24770136692922484, 0.22939528175162235, 0.2170499331770318]","['조식', '위치', '직원', '청결', '친절']","[-0.59188993803544, -0.40650398982776903, -0.3959562711432114, -0.3279675262404041, -0.3090765388675634]"
제주썬 호텔,"['처음', '가격', '타오', '체크아웃', '수압']","[0.3463011353745583, 0.3060626873156584, 0.25850548644683147, 0.25052784457607924, 0.2380469883729636]","['위치', '공항', '서비스', '아기', '지하']","[-0.4664015220567672, -0.34688260989062103, -0.2963190221785008, -0.2771773649325719, -0.27434963738641766]"
라마다프라자 자은도,"['깨끗', '친절', '조용', '정비', '한적']","[0.19799601116315457, 0.13484554049197595, 0.11481238251156256, 0.10059707322363735, 0.10020245999704455]","['조식', '평일', '운영', '수준', '시설']","[-0.24911816083138763, -0.19558976703519945, -0.15767884076362973, -0.15678194070549192, -0.14250715051709162]"
더 위크앤 리조트,"['여행', '카페', '강아지', '식당', '가능']","[0.37097974597290345, 0.3568142736528538, 0.3466038589767835, 0.34355293593420166, 0.34208974656950886]","['조식', '깔끔', '객실', '화장실', '편안']","[-0.9779811387270483, -0.7316700122051473, -0.7293417478163811, -0.41801854084245293, -0.4058766203327819]"
어반스테이 인천 송도,"['위치', '인천', '가능', '침대', '이용하']","[0.3773008463340731, 0.3252187852546605, 0.3109611590826424, 0.2844466576538182, 0.2709280482879919]","['객실', '수고', '시설', '소리', '교통']","[-0.3918216418395119, -0.30412276935653326, -0.2824942119726752, -0.2822389592724749, -0.2784715312704845]"
마우나 오션 리조트,"['예상외', '따뜻', '직원', '조용', '가격']","[3.9241004264747303, 1.14698200980076, 0.9564273616210907, 0.8998938657992387, 0.7457706734143558]","['오션', '여행', '가족', '객실', '조식']","[-1.9874771667927211, -0.961483888852637, -0.94489225268385, -0.7375086116313316, -0.7144332048915368]"
한림 리조트,"['제주도', '여행', '가족', '화장실', '로비']","[0.6525553501491901, 0.49487692284668294, 0.34757024592071206, 0.3050109155644415, 0.2911187944145383]","['친절', '깨끗', '직원', '시설', '위치']","[-0.6271884093067451, -0.5088955234458948, -0.41521959488317295, -0.3843266751564842, -0.38097675123405744]"
그리핀베이,"['객실', '먼지', '친절', '테이블', '자갈치']","[0.3773082392409972, 0.3419500500925317, 0.32294452446874894, 0.261896951216737, 0.25411966481737575]","['깨끗', '위치', '청결', '주차', '거리']","[-0.6380636778366008, -0.5333628578682404, -0.3755848675911017, -0.3624687661257444, -0.3579485231471934]"
부산 센텀 스위트호텔,"['조용', '책상', '체크아웃', '당황', '화장실']","[0.3291305005515041, 0.2817599360614919, 0.28126824345133894, 0.20480132137072724, 0.1827291460990751]","['통화', '객실', '사과', '운영', '번호']","[-0.2915967118483635, -0.2478666282217379, -0.24093469316819802, -0.2039100120912094, -0.20244267933217397]"
엘리에나 호텔,"['깔끔', '친절', '애기', '컨디션', '슬리퍼']","[0.32187028596533307, 0.17487533711973013, 0.16038881828278984, 0.1397114893037478, 0.12831105462623185]","['온수', '처음', '수압', '가격', '여행']","[-0.319573087964177, -0.3139752966503487, -0.22465485407769403, -0.14430998990403915, -0.12942413771521727]"
플레이스 캠프 제주,"['도레', '냉장고', '방음', '비티', '침대']","[0.9464201707374565, 0.8695882866710437, 0.6631361748926229, 0.5210494287995189, 0.4802295268956761]","['성산', '깨끗', '객실', '레이스', '캠프']","[-0.963982906617858, -0.6912192885609157, -0.6894198949128197, -0.6717111224109907, -0.6394274345966213]"
에이치에비뉴 광안리해변점,"['주차', '조식', '베개', '반신', '깔끔']","[0.28790658997888313, 0.2595418976471815, 0.23281574164331956, 0.2302621364636991, 0.22739430743685957]","['객실', '건물', '해변', '친절', '깨끗']","[-0.6542246193054747, -0.5130794150627332, -0.4456300165736074, -0.3758723938295546, -0.35444771108500356]"
호텔 오션뷰,"['테라스', '프론트', '여행', '여자친구', '창가']","[0.3681779437978689, 0.22133282387627548, 0.2152257921042458, 0.19206182661526552, 0.18694844961514034]","['소리', '방음', '위치', '가격', '옆방']","[-0.6137569512924345, -0.507078472909247, -0.4861040507075971, -0.4376266566642891, -0.37684938373442]"
서울 선샤인호텔,"['욕조', '깨끗', '완벽', '택시', '복도']","[0.7831209311310818, 0.7649940884303179, 0.4327813070045161, 0.3488604176989963, 0.333456787102185]","['소리', '편안', '직원', '주차', '부모']","[-0.8300021950103563, -0.6089205229860736, -0.5997708658944916, -0.561003207189732, -0.4534468321632596]"
SR 스위츠 호텔 분당,"['직원', '친절', '깔끔', '조식', '태도']","[0.5733968459283599, 0.3935891103654718, 0.25633476403130784, 0.19691637531110281, 0.17814628464150373]","['침대', '소음', '객실', '먹거리', '산책']","[-0.5432792191291393, -0.47401870733377305, -0.45218006976357294, -0.38683021039918636, -0.3660726268107152]"
임피리얼 팰리스 서울,"['친절', '직원', '깨끗', '손님', '무난']","[0.9413029994079976, 0.5813531122108097, 0.5704381020631246, 0.5474081609143482, 0.34462200454566017]","['조식', '로비', '침대', '창문', '상황']","[-0.5036158492484711, -0.5013046054826639, -0.4774955020245601, -0.3907525960734758, -0.3700763305464488]"
라온스테이 인 페를라,"['저렴', '여행', '따뜻', '친절', '코로나']","[0.5469691650771474, 0.4413417456919552, 0.37425802685841086, 0.34372687769333465, 0.3409665244236726]","['주차장', '시설', '침대', '청결', '수건']","[-0.46634311529100647, -0.45949448654382896, -0.3982239489893366, -0.30583278718675755, -0.26852968789323217]"
어반스테이 제주연동,"['요리', '테라스', '의자', '기구', '커텐']","[0.3403535594244913, 0.27240151691301473, 0.23537218605493535, 0.23186537684701247, 0.14960655804414835]","['주차', '깔끔', '깨끗', '주차장', '기계식']","[-1.054047232103409, -0.5393887722669463, -0.46972999463612114, -0.40275462001192186, -0.3496192810110446]"
어반스테이 동탄,"['주차', '주차장', '테이', '반스', '고층']","[0.3737108790014117, 0.363528813813744, 0.3600437502377423, 0.33805316518381173, 0.31607966672576054]","['깔끔', '깨끗', '담배', '편안', '바퀴벌레']","[-0.5129931765490707, -0.5070720135817927, -0.40671523986932706, -0.3475011573339542, -0.32331317585110864]"
어반스테이 명동,"['음식', '조리', '용품', '사용', '식기']","[0.40641958184346155, 0.2902021403272338, 0.23564928661120532, 0.21232743901276688, 0.2122810323666104]","['깔끔', '위생', '기간', '유통', '제가']","[-0.324752605101974, -0.2122534021949755, -0.15858153303683564, -0.15858153303683564, -0.14052130943994606]"
르컬렉티브 서울 서초,"['가정집', '침대', '편의점', '중간', '레이']","[0.14076444529342425, 0.1332737770839984, 0.13161806567982956, 0.09455745508684137, 0.09320402541880192]","['비가', '시설', '가격', '깔끔', '불투명']","[-0.28043749195225615, -0.17382502508140021, -0.13570872155533245, -0.1178630056546685, -0.10731690605604864]"
어반스테이 서면,"['화장실', '커피', '욕실', '담배', '클리닝']","[0.4641006729105989, 0.38936538841443624, 0.3039959664582416, 0.30109552724898725, 0.2587925901883552]","['깨끗', '위치', '주차', '시설', '가격']","[-0.5492651933073027, -0.4498633437102502, -0.42236463067647867, -0.3049288148768937, -0.22941513302608194]"
르 컬렉티브 부산역,"['깔끔', '가격', '구비', '친구', '인테리어']","[0.4378058045262306, 0.3519479040506877, 0.2314177978064505, 0.2300383290178367, 0.20041656192984916]","['여행', '시설', '위치', '깨끗', '가족']","[-0.36693273141246796, -0.3408197411136855, -0.32205637139980176, -0.3074603180743619, -0.21269755816904984]"
어반스테이 부산연산,"['깨끗', '수건', '반스', '사람', '테이']","[0.396327577115566, 0.28325513470725494, 0.2719662869036983, 0.26959566021956005, 0.2683614764825518]","['화장실', '객실', '샤워', '연산역', '소음']","[-0.4120655010371762, -0.28427704136641785, -0.2372736976225107, -0.23206220212407971, -0.21297665516577674]"
르컬렉티브 오시리아,"['롯데월드', '바다', '이케아', '에어컨', '무료']","[0.31295934411264165, 0.21428098859476452, 0.19794600096809123, 0.15361696664929697, 0.1518031708970155]","['여행', '냄새', '수건', '사용', '침대']","[-0.3797037476813247, -0.3393249393251554, -0.22420570270473056, -0.2175562311397117, -0.13859230684283894]"
어반스테이 부티크 521,"['소리', '거리', '지금', '자갈치역', '깔끔']","[0.16990325438681117, 0.10552187452944749, 0.08696637026001171, 0.08608521828281167, 0.0792712095046773]","['10분', '따뜻', '신발장', '온수', '조명']","[-0.13413618660666393, -0.1130120478999721, -0.11154133614746005, -0.10334283138947761, -0.09995140499214675]"
파크 선샤인 제주,"['주차', '시장', '여행', '서귀포시', '기억']","[0.6951635670459606, 0.4768314086337251, 0.42870731871954204, 0.3744424625098205, 0.3488639059781205]","['조식', '아침', '객실', '시설', '산책']","[-0.837628488303098, -0.4679683404106221, -0.45846984562350224, -0.4417276136850926, -0.4041178790672581]"
호텔 케니 기장,"['가격', '객실', '깨끗', '침대', '저렴']","[0.5634280058649483, 0.39687746884094355, 0.36980105663913887, 0.3650986578434118, 0.30217424592219194]","['깔끔', '조식', '주차', '정리', '얘기']","[-0.3628497439708003, -0.3451868328833732, -0.27095509574070614, -0.23951985803097633, -0.2387065694319845]"
호텔 케니 모슬포,"['깨끗', '체크아웃', '침구', '여행', '참고']","[0.6714762506589693, 0.5025369360702112, 0.34406969133285104, 0.2833235691088121, 0.26029913081668815]","['주차', '침대', '조용', '청소', '객실']","[-0.6096327229341393, -0.5801712304495019, -0.38289154825878746, -0.35791883916131173, -0.3203307734934709]"
호시카게 료칸 호텔 동부산,"['추억', '깨끗', '유카타', '내부', '친절']","[0.2048394607691047, 0.19399640889814135, 0.169250970137689, 0.15538504100730927, 0.15470350830028834]","['일본', '욕탕', '식사', '애매', '료칸']","[-0.35307449324197554, -0.22816236127918066, -0.20435301554873456, -0.19570895748040826, -0.19146701150431253]"
동탄 저스트 슬립 호텔,"['건물', '음료', '위치', '리뷰', '신축']","[0.3576239324355741, 0.34398163591798103, 0.30962480640640144, 0.2866244102845831, 0.2702257589409153]","['깨끗', '객실', '비품', '창문', '침구']","[-0.6603602453334649, -0.22401653982251027, -0.1620120278309782, -0.15585792945845586, -0.12646965062841142]"
어반스테이 여수오션힐,"['가격', '대면', '배달', '저렴', '노을']","[0.1768475920237111, 0.1196118005575432, 0.10844629128250359, 0.10108580825433844, 0.09848701842042569]","['오션', '반스', '테이', '환경', '제품']","[-0.15389548696228295, -0.13293061306197101, -0.13293061306197101, -0.12667097092025253, -0.11321681434306678]"
해운대 씨클라우드 호텔 앤 레지던스,"['청소', '위치', '여행', '편안', '상쾌']","[0.733302125518004, 0.6055732412916782, 0.5629571750807418, 0.484110259965064, 0.4745760567769928]","['엘리베이터', '침대', '접근성', '깨끗', '청결']","[-0.8957810257580813, -0.7416279627959919, -0.6288372980094268, -0.5790622781934888, -0.5305322582307488]"
라인 호텔 명동,"['직원', '친절', '깨끗', '깔끔', '예정']","[0.8528371772228805, 0.7206200713976143, 0.49756163692339356, 0.49693734133139167, 0.32543178922392735]","['침대', '화장실', '위치', '가격', '에어컨']","[-0.824415676001612, -0.6195719076090813, -0.5823991769575646, -0.5236452399939766, -0.42435031346864277]"
호텔 더 힐,"['인테리어', '우산도', '외출', '올레', '비품']","[0.21692201941334238, 0.1882568168267278, 0.18327239670060264, 0.18327239670060264, 0.18327239670060264]","['오오', '소리', '욕실', '주차', '냄새']","[-0.4136210945087507, -0.361964811783746, -0.3397091733402051, -0.27557375094849323, -0.27495364208091616]"
디그니티 호텔,"['여행', '가격', '직원', '바다', '위생']","[1.1509643769388187, 1.0591967516787404, 0.6384334985625166, 0.5462239314833224, 0.49026242164287037]","['조식', '깨끗', '공간', '시설', '청결']","[-0.9574021059678367, -0.7720440063890517, -0.6897198628847075, -0.6021393902009302, -0.5620010521893358]"
낙산 비치 호텔,"['마운틴뷰', '침대', '친절', '깔끔', '일출']","[1.606321105942754, 1.481829620715387, 1.3606557184378918, 1.3199257032812113, 1.291593748478064]","['낙산사', '깨끗', '여행', '전망', '낙산']","[-2.9687092649934135, -2.4118030840419045, -2.029601549885563, -1.4312709022099461, -1.3997466757673835]"
양양 국제 공항 호텔,"['시설', '친절', '미흡', '난방', '객실']","[0.8741347391698757, 0.5850347625694285, 0.4563495151334562, 0.43694188277843155, 0.39884191232465294]","['화장실', '저렴', '가격', '무난', '청소']","[-0.970600602089866, -0.7533480716098984, -0.6191489204128225, -0.5017986470760305, -0.4861632429688079]"
캔버스 호스텔,"['버스', '주차', '와이파이', '가격', '친절']","[0.2748147607021347, 0.2600724166812581, 0.25830628423936214, 0.2191620346180426, 0.218064181827667]","['난방', '아쉬움', '조식', '정보', '화장실']","[-0.510928552906427, -0.3508517200293686, -0.3491649882587363, -0.2939968015760373, -0.29047046969879436]"
모헤닉호텔 서울 명동,"['여행', '위치', '야경', '와이파이', '가족']","[0.340409061111345, 0.27423759382646545, 0.15502499477076334, 0.14376325546052343, 0.14031607479391348]","['시설', '객실', '입구', '장점', '관리']","[-0.15986852984757544, -0.12485087906007751, -0.11615234896731456, -0.10575164577734322, -0.1046983315809672]"
기장 에이치에비뉴-일광점,"['조식', '화장실', '미역국', '뷔페', '기장']","[0.12852494528265349, 0.10938272837560388, 0.10615730939363309, 0.09863068272926896, 0.09666329463818786]","['거울', '침구', '커튼', '깨끗', '주차']","[-0.2596909440644406, -0.196122955573251, -0.1731272960429605, -0.16469873128693271, -0.15841123206917782]"
담양 산토리니 펜션,"['준비', '예뻐서', '아이들', '주방', '담양']","[0.3427291042916358, 0.3167201129157871, 0.3149005469838753, 0.2891166300754624, 0.26345350451764205]","['위치', '객실', '침대', '저녁', '이해']","[-0.2637941660063131, -0.24618996626969822, -0.23331534129187642, -0.18794179157142563, -0.158570131779998]"
E7 양양죽도,"['전망', '부엌', '화장실', '주말', '오픈']","[0.397721291339436, 0.2577632396667241, 0.2442480850254523, 0.229040152734027, 0.18918476018084915]","['주차', '깨끗', '신축', '공사', '직원']","[-0.465891846213647, -0.3193343178566059, -0.3118286214409463, -0.29478799531295397, -0.2674516882681239]"
오션 밸리 리조트,"['깨끗', '편의점', '실내', '모델링', '장점']","[0.5805252188665961, 0.4022151393508138, 0.3102775849091748, 0.30714406026188384, 0.3030409799438023]","['위치', '사용', '침대', '해변', '직원']","[-0.40100309976960163, -0.35065105697977733, -0.33200218682198446, -0.3295197636365703, -0.32680556868411753]"
양양 비치 콘도,"['위치', '침대', '서핑', '한적', '사진']","[0.5673876111029654, 0.37981588341001704, 0.29996557226251874, 0.28975608464983715, 0.2706978796065077]","['가족', '여행', '거실', '객실', '난방']","[-0.9274215999461427, -0.6472860950284617, -0.4353930854578346, -0.4065812487792054, -0.39731111036097866]"
센텀 마크 호텔 양양,"['깔끔', '양양', '강원도', '침구', '여행']","[1.1333467633030658, 0.9179595733574112, 0.402811160383801, 0.3952373875663959, 0.3669984887187296]","['깨끗', '시설', '객실', '주차장', '조식']","[-0.8190397246916716, -0.7561030844037329, -0.7017670303317309, -0.6831382585241532, -0.568020355448504]"
더앤리조트,"['가족', '여행', '청결', '양양', '시설']","[1.124691732623085, 0.850717929734233, 0.6125746199736063, 0.5386270072047359, 0.5180937978984808]","['오픈', '직원', '침구', '아기', '청소']","[-0.9611121793533526, -0.7533091003860164, -0.5560819994904459, -0.5406119910544533, -0.5344820955000219]"
쏠비치 리조트,"['고층', '조식', '서비스', '편안', '직원']","[0.5195751623703402, 0.4037079821539515, 0.3924423512308474, 0.3056633818965495, 0.2650632761080212]","['시설', '노후', '가족', '냄새', '추가']","[-1.0845106947896255, -0.6762268832511484, -0.5614561046253614, -0.4575461297976488, -0.4146594571245728]"
대구 메리어트 호텔&서비스드 레지던스,"['신세계', '코로나', '수영장', '맛집', '백화점']","[0.5031994184695555, 0.47148940256902494, 0.4645728448041771, 0.4524470821204705, 0.3962802936255976]","['서비스', '조식', '성급', '숙박', '직원']","[-0.8048656538121214, -0.6699847773935262, -0.5517133290751702, -0.42161949775450114, -0.38231768962353213]"
케이힐스 더테라스,"['따뜻', '맛집', '코로나', '사람', '예정']","[0.6961528167936697, 0.45653274297490665, 0.3152619482930344, 0.292507775890836, 0.276942701742587]","['편안', '위치', '테라스', '직원', '식당']","[-1.1367845680511623, -0.5671197763459815, -0.4671900326458243, -0.4552434960280229, -0.42661593091838684]"
호텔 소울하다,"['객실', '컨디션', '담배', '작전동', '편의점']","[0.5700859387774622, 0.37824713146178107, 0.30238575922095934, 0.25992940794278674, 0.2356375837469259]","['깨끗', '조용', '소음', '위치', '창문']","[-0.7988662482686959, -0.35458411033309284, -0.35114775365432327, -0.33056798278269706, -0.31343842884058254]"
더 코노셔 레지던스,"['난방', '무인', '사진', '일회용품', '치약']","[0.3494123829420882, 0.3479530226449187, 0.2204592503699541, 0.18799340270559992, 0.17608820538122213]","['체크아웃', '위치', '직원', '깔끔', '친절']","[-0.46674905855605997, -0.44900266969505637, -0.3023518044463042, -0.301264512895458, -0.28497916250463085]"
퍼스트70호텔,"['위치', '주차장', '가격', '주차', '욕조']","[1.6316094850985274, 0.9792033467518321, 0.8660860609008912, 0.6361231264299944, 0.5900935770297101]","['청소', '조식', '깨끗', '깔끔', '시설']","[-0.7992419803280748, -0.667659721244884, -0.65661970368755, -0.6386584763280625, -0.6239468767904265]"
코델리아 s 호텔,"['깨끗', '따뜻', '야외', '얼룩', '선택']","[0.5512321182690288, 0.4500162037525914, 0.3382150398498372, 0.2774291625343484, 0.2626829492824528]","['일출봉', '청소', '가격', '냄새', '수영장']","[-0.546316343204821, -0.5163714501111156, -0.46300661173275903, -0.45286523896017816, -0.43472938382890575]"
